9,949092e+001;#NaN
1,004554e+002;#NaN
1,014198e+002;#NaN
1,023843e+002;#NaN
1,033487e+002;#NaN
1,043132e+002;#NaN
1,052777e+002;#NaN
1,062421e+002;#NaN
1,072066e+002;#NaN
1,081710e+002;#NaN
1,091355e+002;#NaN
1,100999e+002;#NaN
1,110644e+002;#NaN
1,120289e+002;#NaN
1,129933e+002;#NaN
1,139578e+002;#NaN
1,149222e+002;#NaN
1,158867e+002;#NaN
1,168511e+002;#NaN
1,178156e+002;#NaN
1,187801e+002;#NaN
1,197445e+002;#NaN
1,207090e+002;#NaN
1,216734e+002;#NaN
1,226379e+002;#NaN
1,236023e+002;#NaN
1,245668e+002;#NaN
1,255313e+002;#NaN
1,264957e+002;#NaN
1,274602e+002;#NaN
1,284246e+002;#NaN
1,293891e+002;#NaN
1,303535e+002;#NaN
1,313180e+002;#NaN
1,322825e+002;#NaN
1,332469e+002;#NaN
1,342114e+002;#NaN
1,351758e+002;#NaN
1,361403e+002;#NaN
1,371047e+002;#NaN
1,380692e+002;#NaN
1,390337e+002;#NaN
1,399981e+002;#NaN
1,409626e+002;#NaN
1,419270e+002;#NaN
1,428915e+002;#NaN
1,438559e+002;#NaN
1,448204e+002;#NaN
1,457849e+002;#NaN
1,467493e+002;#NaN
1,477138e+002;#NaN
1,486782e+002;#NaN
1,496427e+002;#NaN
1,506071e+002;#NaN
1,515716e+002;#NaN
1,525361e+002;#NaN
1,535005e+002;#NaN
1,544650e+002;#NaN
1,554294e+002;#NaN
1,563939e+002;#NaN
1,573583e+002;#NaN
1,583228e+002;#NaN
1,592872e+002;#NaN
1,602517e+002;#NaN
1,612162e+002;#NaN
1,621806e+002;#NaN
1,631451e+002;#NaN
1,641095e+002;#NaN
1,650740e+002;#NaN
1,660385e+002;#NaN
1,670029e+002;#NaN
1,679674e+002;#NaN
1,689318e+002;#NaN
1,698963e+002;#NaN
1,708607e+002;#NaN
1,718252e+002;#NaN
1,727896e+002;#NaN
1,737541e+002;#NaN
1,747186e+002;#NaN
1,756830e+002;#NaN
1,766475e+002;#NaN
1,776119e+002;#NaN
1,785764e+002;#NaN
1,795408e+002;#NaN
1,805053e+002;#NaN
1,814698e+002;#NaN
1,824342e+002;#NaN
1,833987e+002;#NaN
1,843631e+002;#NaN
1,853276e+002;#NaN
1,862921e+002;#NaN
1,872565e+002;#NaN
1,882209e+002;#NaN
1,891854e+002;#NaN
1,901499e+002;#NaN
1,911143e+002;#NaN
1,920788e+002;#NaN
1,930432e+002;#NaN
1,940077e+002;#NaN
1,949722e+002;#NaN
1,959366e+002;#NaN
1,969011e+002;#NaN
1,978655e+002;#NaN
1,988300e+002;#NaN
1,997944e+002;#NaN
2,007589e+002;#NaN
2,017234e+002;#NaN
2,026878e+002;#NaN
2,036523e+002;#NaN
2,046167e+002;#NaN
2,055812e+002;#NaN
2,065456e+002;#NaN
2,075101e+002;-2,642456e+002
2,084745e+002;-2,549036e+002
2,094390e+002;-2,455613e+002
2,104035e+002;-2,362192e+002
2,113679e+002;-2,268525e+002
2,123324e+002;-2,176572e+002
2,132968e+002;-2,086865e+002
2,142613e+002;-1,996921e+002
2,152258e+002;-1,907214e+002
2,161902e+002;-1,817268e+002
2,171547e+002;-1,719126e+002
2,181191e+002;-1,606023e+002
2,190836e+002;-1,492920e+002
2,200480e+002;-1,379814e+002
2,210125e+002;-1,266711e+002
2,219770e+002;-1,169080e+002
2,229414e+002;-1,099055e+002
2,239059e+002;-1,029033e+002
2,248703e+002;-9,590088e+001
2,258348e+002;-8,889868e+001
2,267992e+002;-8,224048e+001
2,277637e+002;-7,621313e+001
2,287281e+002;-7,018555e+001
2,296926e+002;-6,415820e+001
2,306571e+002;-5,813062e+001
2,316215e+002;-5,107739e+001
2,325860e+002;-4,210010e+001
2,335504e+002;-3,312256e+001
2,345149e+002;-2,412109e+001
2,354793e+002;-1,514380e+001
2,364438e+002;-7,876953e+000
2,374083e+002;-4,009766e+000
2,383727e+002;-1,289063e-001
2,393372e+002;3,750977e+000
2,403016e+002;7,619141e+000
2,412661e+002;1,022754e+001
2,422305e+002;1,032568e+001
2,431950e+002;1,042432e+001
2,441595e+002;1,052734e+001
2,451239e+002;1,062646e+001
2,460884e+002;9,925293e+000
2,470528e+002;7,675781e+000
2,480173e+002;5,425781e+000
2,489818e+002;3,176758e+000
2,499462e+002;9,267578e-001
2,509107e+002;-2,665527e+000
2,518751e+002;-8,816895e+000
2,528396e+002;-1,496777e+001
2,538040e+002;-2,112744e+001
2,547685e+002;-2,727832e+001
2,557329e+002;-3,165820e+001
2,566974e+002;-3,274023e+001
2,576619e+002;-3,381885e+001
2,586263e+002;-3,489844e+001
2,595908e+002;-3,597949e+001
2,605552e+002;-3,624658e+001
2,615197e+002;-3,505811e+001
2,624841e+002;-3,386963e+001
2,634486e+002;-3,268115e+001
2,644131e+002;-3,149316e+001
2,653775e+002;-3,232813e+001
2,663420e+002;-3,658789e+001
2,673064e+002;-4,084863e+001
2,682709e+002;-4,511328e+001
2,692354e+002;-4,937354e+001
2,701998e+002;-5,131641e+001
2,711642e+002;-4,956592e+001
2,721287e+002;-4,782373e+001
2,730932e+002;-4,608203e+001
2,740576e+002;-4,433154e+001
2,750221e+002;-4,001074e+001
2,759865e+002;-3,184229e+001
2,769510e+002;-2,369629e+001
2,779155e+002;-1,552783e+001
2,788799e+002;-7,359863e+000
2,798444e+002;-2,440430e+000
2,808088e+002;-1,942383e+000
2,817733e+002;-1,438477e+000
2,827377e+002;-9,345703e-001
2,837022e+002;-4,311523e-001
2,846666e+002;-1,862305e+000
2,856311e+002;-5,709961e+000
2,865956e+002;-9,556641e+000
2,875600e+002;-1,340430e+001
2,885245e+002;-1,725146e+001
2,894890e+002;-1,746875e+001
2,904534e+002;-1,358496e+001
2,914178e+002;-9,701660e+000
2,923823e+002;-5,805176e+000
2,933467e+002;-1,921387e+000
2,943112e+002;-8,413086e-001
2,952757e+002;-2,615234e+000
2,962401e+002;-4,386230e+000
2,972046e+002;-6,159668e+000
2,981691e+002;-7,932129e+000
2,991335e+002;-9,229492e+000
3,000980e+002;-1,010596e+001
3,010624e+002;-1,097900e+001
3,020269e+002;-1,185254e+001
3,029913e+002;-1,272607e+001
3,039558e+002;-1,104199e+001
3,049202e+002;-7,345703e+000
3,058847e+002;-3,650391e+000
3,068492e+002;4,589844e-002
3,078136e+002;3,741699e+000
3,087781e+002;9,676270e+000
3,097425e+002;1,711279e+001
3,107070e+002;2,454932e+001
3,116714e+002;3,200635e+001
3,126359e+002;3,944336e+001
3,136003e+002;4,599512e+001
3,145648e+002;5,205420e+001
3,155293e+002;5,811377e+001
3,164937e+002;6,415527e+001
3,174582e+002;7,021484e+001
3,184226e+002;7,507422e+001
3,193871e+002;7,934082e+001
3,203516e+002;8,363477e+001
3,213160e+002;8,791504e+001
3,222805e+002;9,219531e+001
3,232449e+002;9,662549e+001
3,242094e+002;1,011182e+002
3,251738e+002;1,056108e+002
3,261383e+002;1,101040e+002
3,271028e+002;1,145967e+002
3,280672e+002;1,172495e+002
3,290317e+002;1,193369e+002
3,299961e+002;1,214155e+002
3,309606e+002;1,234941e+002
3,319250e+002;1,255820e+002
3,328895e+002;1,330078e+002
3,338539e+002;1,417153e+002
3,348184e+002;1,503999e+002
3,357829e+002;1,591074e+002
3,367473e+002;1,677915e+002
3,377118e+002;1,816260e+002
3,386762e+002;1,963096e+002
3,396407e+002;2,109932e+002
3,406052e+002;2,256772e+002
3,415696e+002;2,403608e+002
3,425341e+002;2,538442e+002
3,434985e+002;2,672559e+002
3,444630e+002;2,807344e+002
3,454274e+002;2,941465e+002
3,463919e+002;3,075591e+002
3,473564e+002;3,294653e+002
3,483208e+002;3,516406e+002
3,492853e+002;3,738662e+002
3,502497e+002;3,960415e+002
3,512142e+002;4,183813e+002
3,521786e+002;4,470986e+002
3,531431e+002;4,757515e+002
3,541075e+002;5,044692e+002
3,550720e+002;5,331221e+002
3,560364e+002;5,623335e+002
3,570009e+002;5,968159e+002
3,579654e+002;6,312207e+002
3,589298e+002;6,657036e+002
3,598943e+002;7,001855e+002
3,608588e+002;7,413320e+002
3,618232e+002;8,200854e+002
3,627877e+002;8,988389e+002
3,637521e+002;9,775923e+002
3,647166e+002;1,056346e+003
3,656810e+002;1,149515e+003
3,666455e+002;1,295159e+003
3,676099e+002;1,441115e+003
3,685744e+002;1,586759e+003
3,695389e+002;1,732403e+003
3,705033e+002;1,928043e+003
3,714678e+002;2,248034e+003
3,724323e+002;2,568702e+003
3,733967e+002;2,889370e+003
3,743611e+002;3,210038e+003
3,753256e+002;3,565763e+003
3,762900e+002;3,987170e+003
3,772545e+002;4,408577e+003
3,782190e+002;4,829984e+003
3,791834e+002;5,250503e+003
3,801479e+002;5,473655e+003
3,811124e+002;5,433722e+003
3,820768e+002;5,393790e+003
3,830413e+002;5,353856e+003
3,840057e+002;5,313923e+003
3,849702e+002;5,078425e+003
3,859346e+002;4,652843e+003
3,868991e+002;4,227261e+003
3,878635e+002;3,801680e+003
3,888280e+002;3,375210e+003
3,897925e+002;3,027292e+003
3,907569e+002;2,734292e+003
3,917214e+002;2,440683e+003
3,926859e+002;2,147074e+003
3,936503e+002;1,854074e+003
3,946147e+002;1,707176e+003
3,955792e+002;1,634203e+003
3,965436e+002;1,560932e+003
3,975081e+002;1,487810e+003
3,984726e+002;1,414688e+003
3,994370e+002;1,394925e+003
4,004015e+002;1,392850e+003
4,013659e+002;1,390773e+003
4,023304e+002;1,388698e+003
4,032949e+002;1,386623e+003
4,042593e+002;1,421637e+003
4,052238e+002;1,463904e+003
4,061882e+002;1,506171e+003
4,071526e+002;1,548532e+003
4,081171e+002;1,590800e+003
4,090816e+002;1,707423e+003
4,100460e+002;1,830417e+003
4,110105e+002;1,953149e+003
4,119750e+002;2,076143e+003
4,129394e+002;2,202073e+003
4,139039e+002;2,507512e+003
4,148683e+002;2,813595e+003
4,158328e+002;3,119678e+003
4,167972e+002;3,425118e+003
4,177617e+002;3,760399e+003
4,187261e+002;4,337555e+003
4,196906e+002;4,914710e+003
4,206551e+002;5,493076e+003
4,216195e+002;6,070233e+003
4,225840e+002;6,521263e+003
4,235485e+002;6,488118e+003
4,245129e+002;6,454908e+003
4,254774e+002;6,421763e+003
4,264418e+002;6,388618e+003
4,274063e+002;6,213373e+003
4,283707e+002;5,712340e+003
4,293352e+002;5,212346e+003
4,302996e+002;4,711313e+003
4,312641e+002;4,211320e+003
4,322286e+002;3,777440e+003
4,331930e+002;3,441385e+003
4,341575e+002;3,106024e+003
4,351219e+002;2,769968e+003
4,360864e+002;2,433912e+003
4,370508e+002;2,190257e+003
4,380153e+002;2,035114e+003
4,389797e+002;1,879971e+003
4,399442e+002;1,724828e+003
4,409087e+002;1,569684e+003
4,418731e+002;1,470773e+003
4,428376e+002;1,406778e+003
4,438021e+002;1,342655e+003
4,447665e+002;1,278660e+003
4,457310e+002;1,214537e+003
4,466954e+002;1,166229e+003
4,476599e+002;1,123790e+003
4,486243e+002;1,081266e+003
4,495888e+002;1,038826e+003
4,505532e+002;9,963022e+002
4,515177e+002;9,646885e+002
4,524822e+002;9,352305e+002
4,534466e+002;9,057148e+002
4,544111e+002;8,762002e+002
4,553755e+002;8,466851e+002
4,563400e+002;8,332598e+002
4,573044e+002;8,206152e+002
4,582689e+002;8,079707e+002
4,592333e+002;7,953262e+002
4,601978e+002;7,837246e+002
4,611623e+002;7,867974e+002
4,621267e+002;7,898594e+002
4,630912e+002;7,929214e+002
4,640557e+002;7,959829e+002
4,650201e+002;8,027363e+002
4,659846e+002;8,255210e+002
4,669490e+002;8,483057e+002
4,679135e+002;8,711421e+002
4,688779e+002;8,939272e+002
4,698423e+002;9,175054e+002
4,708068e+002;9,427358e+002
4,717713e+002;9,680225e+002
4,727357e+002;9,933667e+002
4,737002e+002;1,018654e+003
4,746647e+002;1,029404e+003
4,756291e+002;1,021131e+003
4,765936e+002;1,012858e+003
4,775580e+002;1,004585e+003
4,785225e+002;9,963120e+002
4,794869e+002;9,740845e+002
4,804514e+002;9,407207e+002
4,814158e+002;9,074214e+002
4,823803e+002;8,741216e+002
4,833448e+002;8,408228e+002
4,843092e+002;7,958882e+002
4,852737e+002;7,457632e+002
4,862382e+002;6,956382e+002
4,872026e+002;6,454141e+002
4,881671e+002;5,952891e+002
4,891315e+002;5,508716e+002
4,900959e+002;5,077275e+002
4,910604e+002;4,646685e+002
4,920249e+002;4,215249e+002
4,929893e+002;3,783809e+002
4,939538e+002;3,381748e+002
4,949183e+002;2,980996e+002
4,958827e+002;2,579468e+002
4,968472e+002;2,178716e+002
4,978116e+002;1,786152e+002
4,987761e+002;1,473975e+002
4,997405e+002;1,161802e+002
5,007050e+002;8,496240e+001
5,016694e+002;5,374512e+001
5,026339e+002;2,400586e+001
5,035984e+002;-5,546875e-001
5,045628e+002;-2,511523e+001
5,055273e+002;-4,972266e+001
5,064918e+002;-7,428320e+001
5,074562e+002;-1,010928e+002
5,084207e+002;-1,316255e+002
5,093851e+002;-1,622173e+002
5,103495e+002;-1,928086e+002
5,113140e+002;-2,234004e+002
5,122785e+002;-2,457910e+002
5,132429e+002;-2,605015e+002
5,142074e+002;-2,752114e+002
5,151719e+002;-2,899224e+002
5,161363e+002;-3,046323e+002
5,171008e+002;-3,100356e+002
5,180652e+002;-3,106240e+002
5,190297e+002;-3,112085e+002
5,199941e+002;-3,117939e+002
5,209586e+002;-3,123818e+002
5,219230e+002;-3,264790e+002
5,228875e+002;-3,437842e+002
5,238520e+002;-3,610591e+002
5,248164e+002;-3,783643e+002
5,257809e+002;-3,956387e+002
5,267454e+002;-4,213081e+002
5,277098e+002;-4,472793e+002
5,286743e+002;-4,732993e+002
5,296387e+002;-4,993193e+002
5,306031e+002;-5,237651e+002
5,315676e+002;-5,363711e+002
5,325321e+002;-5,489766e+002
5,334965e+002;-5,615820e+002
5,344610e+002;-5,741880e+002
5,354255e+002;-5,849761e+002
5,363899e+002;-5,908574e+002
5,373544e+002;-5,967383e+002
5,383188e+002;-6,026274e+002
5,392833e+002;-6,085083e+002
5,402477e+002;-6,163120e+002
5,412122e+002;-6,266831e+002
5,421766e+002;-6,370718e+002
5,431411e+002;-6,474429e+002
5,441055e+002;-6,578315e+002
5,450700e+002;-6,676162e+002
5,460345e+002;-6,770132e+002
5,469989e+002;-6,864238e+002
5,479634e+002;-6,958057e+002
5,489279e+002;-7,052021e+002
5,498923e+002;-7,149873e+002
5,508568e+002;-7,249023e+002
5,518212e+002;-7,348174e+002
5,527856e+002;-7,447329e+002
5,537501e+002;-7,546479e+002
5,547146e+002;-7,644795e+002
5,556790e+002;-7,743066e+002
5,566435e+002;-7,841343e+002
5,576080e+002;-7,939614e+002
5,585724e+002;-8,032021e+002
5,595369e+002;-8,064077e+002
5,605013e+002;-8,096116e+002
5,614658e+002;-8,128167e+002
5,624302e+002;-8,160205e+002
5,633947e+002;-8,189373e+002
5,643591e+002;-8,210361e+002
5,653236e+002;-8,231353e+002
5,662881e+002;-8,252341e+002
5,672525e+002;-8,273333e+002
5,682170e+002;-8,320886e+002
5,691815e+002;-8,403245e+002
5,701459e+002;-8,485723e+002
5,711104e+002;-8,568083e+002
5,720748e+002;-8,650437e+002
5,730392e+002;-8,682329e+002
5,740037e+002;-8,682195e+002
5,749682e+002;-8,682065e+002
5,759326e+002;-8,681931e+002
5,768971e+002;-8,681797e+002
5,778616e+002;-8,774817e+002
5,788260e+002;-8,892620e+002
5,797905e+002;-9,010425e+002
5,807549e+002;-9,128423e+002
5,817194e+002;-9,246230e+002
5,826838e+002;-9,154031e+002
5,836483e+002;-9,055125e+002
5,846127e+002;-8,956460e+002
5,855772e+002;-8,857551e+002
5,865417e+002;-8,774731e+002
5,875061e+002;-8,780496e+002
5,884706e+002;-8,786287e+002
5,894351e+002;-8,792043e+002
5,903995e+002;-8,797805e+002
5,913640e+002;-8,789250e+002
5,923284e+002;-8,752612e+002
5,932928e+002;-8,715847e+002
5,942573e+002;-8,679089e+002
5,952218e+002;-8,642444e+002
5,961862e+002;-8,628433e+002
5,971507e+002;-8,634539e+002
5,981152e+002;-8,640684e+002
5,990796e+002;-8,646821e+002
6,000441e+002;-8,652935e+002
6,010085e+002;-8,716072e+002
6,019730e+002;-8,801619e+002
6,029374e+002;-8,887170e+002
6,039019e+002;-8,972588e+002
6,048663e+002;-9,058140e+002
6,058308e+002;-9,075244e+002
6,067953e+002;-9,085742e+002
6,077597e+002;-9,096238e+002
6,087242e+002;-9,106738e+002
6,096887e+002;-9,116062e+002
6,106531e+002;-9,115669e+002
6,116176e+002;-9,115273e+002
6,125820e+002;-9,114878e+002
6,135464e+002;-9,114487e+002
6,145109e+002;-9,116677e+002
6,154753e+002;-9,124712e+002
6,164398e+002;-9,132781e+002
6,174043e+002;-9,140786e+002
6,183687e+002;-9,148848e+002
6,193332e+002;-9,185989e+002
6,202977e+002;-9,251233e+002
6,212621e+002;-9,316570e+002
6,222266e+002;-9,381816e+002
6,231910e+002;-9,447153e+002
6,241555e+002;-9,594470e+002
6,251199e+002;-9,775330e+002
6,260844e+002;-9,956187e+002
6,270488e+002;-1,013705e+003
6,280133e+002;-1,031791e+003
6,289777e+002;-1,037510e+003
6,299422e+002;-1,042101e+003
6,309067e+002;-1,046691e+003
6,318711e+002;-1,051283e+003
6,328356e+002;-1,055490e+003
6,338000e+002;-1,056945e+003
6,347645e+002;-1,058400e+003
6,357289e+002;-1,059857e+003
6,366934e+002;-1,061311e+003
6,376578e+002;-1,064148e+003
6,386223e+002;-1,069766e+003
6,395868e+002;-1,075384e+003
6,405512e+002;-1,080994e+003
6,415157e+002;-1,086613e+003
6,424802e+002;-1,092570e+003
6,434446e+002;-1,098815e+003
6,444091e+002;-1,105059e+003
6,453735e+002;-1,111303e+003
6,463380e+002;-1,117547e+003
6,473024e+002;-1,115226e+003
6,482669e+002;-1,110207e+003
6,492313e+002;-1,105202e+003
6,501958e+002;-1,100198e+003
6,511603e+002;-1,095194e+003
6,521247e+002;-1,095205e+003
6,530892e+002;-1,095315e+003
6,540536e+002;-1,095429e+003
6,550181e+002;-1,095539e+003
6,559825e+002;-1,095964e+003
6,569470e+002;-1,097629e+003
6,579114e+002;-1,099295e+003
6,588759e+002;-1,100961e+003
6,598404e+002;-1,102626e+003
6,608048e+002;-1,103518e+003
6,617693e+002;-1,103339e+003
6,627338e+002;-1,103160e+003
6,636982e+002;-1,102981e+003
6,646627e+002;-1,102802e+003
6,656271e+002;-1,104330e+003
6,665916e+002;-1,106792e+003
6,675560e+002;-1,109254e+003
6,685205e+002;-1,111716e+003
6,694849e+002;-1,114177e+003
6,704494e+002;-1,114814e+003
6,714139e+002;-1,115191e+003
6,723783e+002;-1,115563e+003
6,733428e+002;-1,115941e+003
6,743073e+002;-1,116708e+003
6,752717e+002;-1,120820e+003
6,762361e+002;-1,124936e+003
6,772006e+002;-1,129048e+003
6,781650e+002;-1,133164e+003
6,791295e+002;-1,138016e+003
6,800940e+002;-1,144324e+003
6,810584e+002;-1,150632e+003
6,820229e+002;-1,156940e+003
6,829874e+002;-1,163249e+003
6,839518e+002;-1,160455e+003
6,849163e+002;-1,150844e+003
6,858807e+002;-1,141233e+003
6,868452e+002;-1,131622e+003
6,878096e+002;-1,122011e+003
6,887741e+002;-1,125998e+003
6,897385e+002;-1,133243e+003
6,907030e+002;-1,140487e+003
6,916675e+002;-1,147733e+003
6,926319e+002;-1,154586e+003
6,935964e+002;-1,153960e+003
6,945609e+002;-1,153339e+003
6,955253e+002;-1,152713e+003
6,964897e+002;-1,152087e+003
6,974542e+002;-1,152094e+003
6,984186e+002;-1,153635e+003
6,993831e+002;-1,155177e+003
7,003475e+002;-1,156718e+003
7,013120e+002;-1,158259e+003
7,022765e+002;-1,154050e+003
7,032409e+002;-1,144824e+003
7,042054e+002;-1,135597e+003
7,051699e+002;-1,126370e+003
7,061343e+002;-1,117120e+003
7,070988e+002;-1,108491e+003
7,080632e+002;-1,100025e+003
7,090276e+002;-1,091536e+003
7,099921e+002;-1,083070e+003
7,109566e+002;-1,074764e+003
7,119210e+002;-1,072256e+003
7,128855e+002;-1,069738e+003
7,138500e+002;-1,067230e+003
7,148144e+002;-1,064712e+003
7,157789e+002;-1,062146e+003
7,167433e+002;-1,059447e+003
7,177078e+002;-1,056749e+003
7,186722e+002;-1,054041e+003
7,196367e+002;-1,051352e+003
7,206011e+002;-1,043953e+003
7,215656e+002;-1,032516e+003
7,225301e+002;-1,021080e+003
7,234945e+002;-1,009643e+003
7,244590e+002;-9,982061e+002
7,254235e+002;-9,865542e+002
7,263879e+002;-9,748110e+002
7,273524e+002;-9,630967e+002
7,283168e+002;-9,513540e+002
7,292813e+002;-9,395498e+002
7,302457e+002;-9,259165e+002
7,312102e+002;-9,123149e+002
7,321746e+002;-8,986816e+002
7,331391e+002;-8,850483e+002
7,341036e+002;-8,730815e+002
7,350680e+002;-8,647017e+002
7,360325e+002;-8,563213e+002
7,369969e+002;-8,479414e+002
7,379614e+002;-8,395610e+002
7,389258e+002;-8,269922e+002
7,398903e+002;-8,113091e+002
7,408547e+002;-7,955903e+002
7,418192e+002;-7,799082e+002
7,427837e+002;-7,641899e+002
7,437481e+002;-7,318955e+002
7,447126e+002;-6,964839e+002
7,456771e+002;-6,609971e+002
7,466415e+002;-6,255854e+002
7,476060e+002;-5,889180e+002
7,485704e+002;-5,426929e+002
7,495349e+002;-4,963706e+002
7,504993e+002;-4,500479e+002
7,514638e+002;-4,038232e+002
7,524282e+002;-3,543091e+002
7,533927e+002;-2,995371e+002
7,543572e+002;-2,447646e+002
7,553216e+002;-1,899922e+002
7,562861e+002;-1,352202e+002
7,572505e+002;-7,001416e+001
7,582150e+002;7,573242e-001
7,591794e+002;7,152832e+001
7,601439e+002;1,422993e+002
7,611083e+002;2,130703e+002
7,620728e+002;2,794966e+002
7,630373e+002;3,454639e+002
7,640017e+002;4,117051e+002
7,649662e+002;4,776724e+002
7,659307e+002;5,477222e+002
7,668951e+002;6,327046e+002
7,678596e+002;7,178618e+002
7,688240e+002;8,028442e+002
7,697885e+002;8,880024e+002
7,707529e+002;1,011144e+003
7,717173e+002;1,174272e+003
7,726818e+002;1,337402e+003
7,736463e+002;1,500532e+003
7,746107e+002;1,663661e+003
7,755752e+002;1,933642e+003
7,765397e+002;2,235493e+003
7,775041e+002;2,537345e+003
7,784686e+002;2,839197e+003
7,794330e+002;3,150033e+003
7,803975e+002;3,621857e+003
7,813619e+002;4,092732e+003
7,823264e+002;4,563606e+003
7,832908e+002;5,035431e+003
7,842553e+002;5,532011e+003
7,852198e+002;6,075583e+003
7,861842e+002;6,620252e+003
7,871487e+002;7,164920e+003
7,881132e+002;7,709589e+003
7,890776e+002;9,193095e+003
7,900421e+002;1,122151e+004
7,910065e+002;1,324993e+004
7,919709e+002;1,527834e+004
7,929354e+002;1,730676e+004
7,938999e+002;3,993623e+004
7,948643e+002;6,422552e+004
7,958288e+002;8,851481e+004
7,967933e+002;1,128041e+005
7,977577e+002;1,321749e+005
7,987222e+002;1,339344e+005
7,996866e+002;1,356938e+005
8,006511e+002;1,374568e+005
8,016155e+002;1,392162e+005
8,025800e+002;1,307921e+005
8,035444e+002;1,128355e+005
8,045089e+002;9,484288e+004
8,054734e+002;7,685027e+004
8,064378e+002;5,889363e+004
8,074023e+002;4,728509e+004
8,083668e+002;3,713061e+004
8,093312e+002;2,697613e+004
8,102957e+002;1,682165e+004
8,112601e+002;7,726216e+003
8,122245e+002;6,698150e+003
8,131890e+002;5,670084e+003
8,141535e+002;4,637914e+003
8,151179e+002;3,609848e+003
8,160824e+002;2,883603e+003
8,170469e+002;2,570473e+003
8,180113e+002;2,256722e+003
8,189758e+002;1,943592e+003
8,199402e+002;1,629840e+003
8,209047e+002;1,427135e+003
8,218691e+002;1,265286e+003
8,228336e+002;1,103436e+003
8,237980e+002;9,419058e+002
8,247625e+002;7,824448e+002
8,257270e+002;6,861069e+002
8,266914e+002;5,897695e+002
8,276559e+002;4,934321e+002
8,286204e+002;3,970942e+002
8,295848e+002;3,167715e+002
8,305493e+002;2,664927e+002
8,315137e+002;2,162139e+002
8,324781e+002;1,659351e+002
8,334426e+002;1,155605e+002
8,344071e+002;7,223389e+001
8,353715e+002;3,245703e+001
8,363360e+002;-7,470215e+000
8,373005e+002;-4,724707e+001
8,382649e+002;-8,709912e+001
8,392294e+002;-1,063765e+002
8,401938e+002;-1,252334e+002
8,411583e+002;-1,440894e+002
8,421227e+002;-1,629126e+002
8,430872e+002;-1,697329e+002
8,440516e+002;-1,477319e+002
8,450161e+002;-1,257314e+002
8,459805e+002;-1,037310e+002
8,469450e+002;-8,173047e+001
8,479095e+002;-6,086523e+001
8,488739e+002;-4,069629e+001
8,498384e+002;-2,052686e+001
8,508029e+002;-3,134766e-001
8,517673e+002;1,985596e+001
8,527318e+002;-4,032666e+001
8,536962e+002;-1,059497e+002
8,546606e+002;-1,714468e+002
8,556251e+002;-2,370693e+002
8,565896e+002;-3,009927e+002
8,575540e+002;-3,607036e+002
8,585185e+002;-4,202998e+002
8,594830e+002;-4,801250e+002
8,604474e+002;-5,398354e+002
8,614119e+002;-5,820503e+002
8,623763e+002;-6,122466e+002
8,633408e+002;-6,424429e+002
8,643052e+002;-6,726396e+002
8,652697e+002;-7,028364e+002
8,662341e+002;-7,221094e+002
8,671986e+002;-7,404702e+002
8,681631e+002;-7,588320e+002
8,691275e+002;-7,771929e+002
8,700920e+002;-7,960103e+002
8,710565e+002;-8,160615e+002
8,720209e+002;-8,361133e+002
8,729854e+002;-8,562002e+002
8,739498e+002;-8,762520e+002
8,749142e+002;-8,885088e+002
8,758787e+002;-8,952666e+002
8,768432e+002;-9,020151e+002
8,778076e+002;-9,087725e+002
8,787721e+002;-9,155308e+002
8,797366e+002;-9,126675e+002
8,807010e+002;-9,090166e+002
8,816655e+002;-9,053657e+002
8,826299e+002;-9,017153e+002
8,835944e+002;-8,979194e+002
8,845588e+002;-8,937114e+002
8,855233e+002;-8,895029e+002
8,864877e+002;-8,852822e+002
8,874522e+002;-8,810610e+002
8,884167e+002;-8,747739e+002
8,893811e+002;-8,671348e+002
8,903456e+002;-8,594771e+002
8,913101e+002;-8,518379e+002
8,922745e+002;-8,441792e+002
8,932390e+002;-8,311543e+002
8,942034e+002;-8,178740e+002
8,951678e+002;-8,045630e+002
8,961323e+002;-7,912515e+002
8,970968e+002;-7,770996e+002
8,980612e+002;-7,608784e+002
8,990257e+002;-7,446206e+002
8,999902e+002;-7,283633e+002
9,009546e+002;-7,121055e+002
9,019191e+002;-7,076919e+002
9,028835e+002;-7,098384e+002
9,038480e+002;-7,119839e+002
9,048124e+002;-7,141299e+002
9,057769e+002;-7,162764e+002
9,067413e+002;-7,385156e+002
9,077058e+002;-7,608428e+002
9,086703e+002;-7,832495e+002
9,096347e+002;-8,055767e+002
9,105992e+002;-8,277271e+002
9,115636e+002;-8,494961e+002
9,125281e+002;-8,712261e+002
9,134926e+002;-8,929951e+002
9,144570e+002;-9,147642e+002
9,154214e+002;-9,218071e+002
9,163859e+002;-9,227031e+002
9,173503e+002;-9,235986e+002
9,183148e+002;-9,244951e+002
9,192793e+002;-9,262363e+002
9,202437e+002;-9,405684e+002
9,212082e+002;-9,549004e+002
9,221727e+002;-9,692324e+002
9,231371e+002;-9,835894e+002
9,241016e+002;-9,941323e+002
9,250660e+002;-9,995156e+002
9,260305e+002;-1,004893e+003
9,269949e+002;-1,010275e+003
9,279594e+002;-1,015652e+003
9,289238e+002;-1,027473e+003
9,298883e+002;-1,041039e+003
9,308528e+002;-1,054649e+003
9,318172e+002;-1,068239e+003
9,327817e+002;-1,081397e+003
9,337462e+002;-1,092176e+003
9,347106e+002;-1,102955e+003
9,356750e+002;-1,113733e+003
9,366395e+002;-1,124512e+003
9,376039e+002;-1,128351e+003
9,385684e+002;-1,125746e+003
9,395329e+002;-1,123142e+003
9,404973e+002;-1,120528e+003
9,414618e+002;-1,117923e+003
9,424263e+002;-1,112346e+003
9,433907e+002;-1,106374e+003
9,443552e+002;-1,100417e+003
9,453196e+002;-1,094444e+003
9,462841e+002;-1,088201e+003
9,472485e+002;-1,081191e+003
9,482130e+002;-1,074163e+003
9,491774e+002;-1,067135e+003
9,501419e+002;-1,060107e+003
9,511064e+002;-1,057180e+003
9,520708e+002;-1,056620e+003
9,530353e+002;-1,056055e+003
9,539998e+002;-1,055494e+003
9,549642e+002;-1,054890e+003
9,559286e+002;-1,050328e+003
9,568931e+002;-1,045766e+003
9,578575e+002;-1,041204e+003
9,588220e+002;-1,036629e+003
9,597865e+002;-1,025767e+003
9,607509e+002;-1,004974e+003
9,617154e+002;-9,842251e+002
9,626799e+002;-9,634321e+002
9,636443e+002;-9,426836e+002
9,646088e+002;-9,220923e+002
9,655732e+002;-9,015503e+002
9,665377e+002;-8,810537e+002
9,675021e+002;-8,605117e+002
9,684666e+002;-8,386021e+002
9,694310e+002;-8,090596e+002
9,703955e+002;-7,795166e+002
9,713600e+002;-7,499736e+002
9,723244e+002;-7,204312e+002
9,732889e+002;-6,865024e+002
9,742534e+002;-6,487070e+002
9,752178e+002;-6,109902e+002
9,761823e+002;-5,732729e+002
9,771467e+002;-5,354771e+002
9,781111e+002;-4,830796e+002
9,790756e+002;-4,293989e+002
9,800401e+002;-3,757188e+002
9,810045e+002;-3,220386e+002
9,819690e+002;-2,663877e+002
9,829334e+002;-2,060869e+002
9,838979e+002;-1,457866e+002
9,848624e+002;-8,548584e+001
9,858268e+002;-2,518555e+001
9,867913e+002;6,101367e+001
9,877557e+002;1,580244e+002
9,887202e+002;2,552300e+002
9,896846e+002;3,522407e+002
9,906491e+002;4,524912e+002
9,916135e+002;5,805557e+002
9,925780e+002;7,086196e+002
9,935425e+002;8,369395e+002
9,945069e+002;9,650039e+002
9,954714e+002;1,134416e+003
9,964359e+002;1,345426e+003
9,974003e+002;1,556019e+003
9,983647e+002;1,767029e+003
9,993292e+002;1,978040e+003
1,000294e+003;2,244891e+003
1,001258e+003;2,518509e+003
1,002223e+003;2,792667e+003
1,003187e+003;3,066285e+003
1,004151e+003;3,379365e+003
1,005116e+003;3,782742e+003
1,006080e+003;4,186117e+003
1,007045e+003;4,589493e+003
1,008009e+003;4,992869e+003
1,008974e+003;5,615604e+003
1,009938e+003;6,330401e+003
1,010903e+003;7,043797e+003
1,011867e+003;7,757194e+003
1,012832e+003;8,554783e+003
1,013796e+003;9,989844e+003
1,014760e+003;1,142772e+004
1,015725e+003;1,286278e+004
1,016689e+003;1,430066e+004
1,017654e+003;1,654017e+004
1,018618e+003;1,950582e+004
1,019583e+003;2,247728e+004
1,020547e+003;2,544874e+004
1,021512e+003;2,842020e+004
1,022476e+003;3,136530e+004
1,023441e+003;3,430970e+004
1,024405e+003;3,725984e+004
1,025370e+003;4,020423e+004
1,026334e+003;4,200636e+004
1,027298e+003;4,166411e+004
1,028263e+003;4,132252e+004
1,029227e+003;4,098093e+004
1,030192e+003;4,063868e+004
1,031156e+003;3,800602e+004
1,032121e+003;3,465622e+004
1,033085e+003;3,131295e+004
1,034050e+003;2,796314e+004
1,035014e+003;2,476705e+004
1,035979e+003;2,226008e+004
1,036943e+003;1,975799e+004
1,037907e+003;1,725102e+004
1,038872e+003;1,474404e+004
1,039836e+003;1,302051e+004
1,040801e+003;1,181768e+004
1,041765e+003;1,061485e+004
1,042730e+003;9,409687e+003
1,043694e+003;8,220642e+003
1,044659e+003;7,597250e+003
1,045623e+003;6,973859e+003
1,046588e+003;6,349257e+003
1,047552e+003;5,725865e+003
1,048517e+003;5,207941e+003
1,049481e+003;4,822171e+003
1,050445e+003;4,434906e+003
1,051410e+003;4,049136e+003
1,052374e+003;3,662619e+003
1,053339e+003;3,375699e+003
1,054303e+003;3,102830e+003
1,055268e+003;2,829961e+003
1,056232e+003;2,557092e+003
1,057197e+003;2,313133e+003
1,058161e+003;2,134693e+003
1,059126e+003;1,956254e+003
1,060090e+003;1,777816e+003
1,061054e+003;1,599376e+003
1,062019e+003;1,460836e+003
1,062983e+003;1,336351e+003
1,063948e+003;1,212104e+003
1,064912e+003;1,087857e+003
1,065877e+003;9,698257e+002
1,066841e+003;8,835176e+002
1,067806e+003;7,970459e+002
1,068770e+003;7,105737e+002
1,069735e+003;6,242656e+002
1,070699e+003;5,475083e+002
1,071663e+003;4,770825e+002
1,072628e+003;4,065229e+002
1,073592e+003;3,360967e+002
1,074557e+003;2,666602e+002
1,075521e+003;2,180166e+002
1,076486e+003;1,693730e+002
1,077450e+003;1,207300e+002
1,078415e+003;7,208643e+001
1,079379e+003;3,590869e+001
1,080344e+003;1,311475e+001
1,081308e+003;-9,679199e+000
1,082273e+003;-3,251270e+001
1,083237e+003;-5,530664e+001
1,084201e+003;-6,894971e+001
1,085166e+003;-8,186572e+001
1,086130e+003;-9,476123e+001
1,087095e+003;-1,076772e+002
1,088059e+003;-1,193506e+002
1,089024e+003;-1,289351e+002
1,089988e+003;-1,385200e+002
1,090953e+003;-1,480898e+002
1,091917e+003;-1,576743e+002
1,092882e+003;-1,636812e+002
1,093846e+003;-1,688853e+002
1,094810e+003;-1,740947e+002
1,095775e+003;-1,792993e+002
1,096739e+003;-1,826514e+002
1,097704e+003;-1,809697e+002
1,098668e+003;-1,792954e+002
1,099633e+003;-1,776133e+002
1,100597e+003;-1,759390e+002
1,101562e+003;-1,730591e+002
1,102526e+003;-1,697251e+002
1,103491e+003;-1,663799e+002
1,104455e+003;-1,630356e+002
1,105420e+003;-1,625508e+002
1,106384e+003;-1,754575e+002
1,107348e+003;-1,883857e+002
1,108313e+003;-2,013135e+002
1,109277e+003;-2,142412e+002
1,110242e+003;-2,286123e+002
1,111206e+003;-2,438354e+002
1,112171e+003;-2,590840e+002
1,113135e+003;-2,743076e+002
1,114100e+003;-2,893364e+002
1,115064e+003;-3,024365e+002
1,116029e+003;-3,155151e+002
1,116993e+003;-3,286147e+002
1,117957e+003;-3,417148e+002
1,118922e+003;-3,553760e+002
1,119886e+003;-3,694771e+002
1,120851e+003;-3,836016e+002
1,121815e+003;-3,977261e+002
1,122780e+003;-4,117319e+002
1,123744e+003;-4,182808e+002
1,124709e+003;-4,248389e+002
1,125673e+003;-4,313970e+002
1,126638e+003;-4,379546e+002
1,127602e+003;-4,282573e+002
1,128567e+003;-4,007832e+002
1,129531e+003;-3,733662e+002
1,130495e+003;-3,459497e+002
1,131460e+003;-3,185322e+002
1,132424e+003;-2,689375e+002
1,133389e+003;-2,181631e+002
1,134353e+003;-1,672861e+002
1,135318e+003;-1,165112e+002
1,136282e+003;-5,657373e+001
1,137247e+003;1,599658e+001
1,138211e+003;8,871094e+001
1,139176e+003;1,614258e+002
1,140140e+003;2,341401e+002
1,141104e+003;3,178335e+002
1,142069e+003;4,029438e+002
1,143033e+003;4,882217e+002
1,143998e+003;5,733320e+002
1,144962e+003;6,999229e+002
1,145927e+003;8,991431e+002
1,146891e+003;1,098362e+003
1,147856e+003;1,297582e+003
1,148820e+003;1,497189e+003
1,149785e+003;2,878944e+003
1,150749e+003;4,489613e+003
1,151714e+003;6,097182e+003
1,152678e+003;7,707853e+003
1,153642e+003;9,054451e+003
1,154607e+003;9,843576e+003
1,155571e+003;1,063270e+004
1,156536e+003;1,142183e+004
1,157500e+003;1,220943e+004
1,158465e+003;1,137854e+004
1,159429e+003;1,013720e+004
1,160394e+003;8,895867e+003
1,161358e+003;7,654530e+003
1,162323e+003;6,404170e+003
1,163287e+003;5,137717e+003
1,164251e+003;3,868830e+003
1,165216e+003;2,602376e+003
1,166180e+003;1,333490e+003
1,167145e+003;8,602720e+002
1,168109e+003;6,244653e+002
1,169074e+003;3,891084e+002
1,170038e+003;1,533018e+002
1,171003e+003;-4,301367e+001
1,171967e+003;-1,259966e+002
1,172932e+003;-2,089785e+002
1,173896e+003;-2,919609e+002
1,174860e+003;-3,749429e+002
1,175825e+003;-4,262036e+002
1,176789e+003;-4,668179e+002
1,177754e+003;-5,075068e+002
1,178718e+003;-5,481211e+002
1,179683e+003;-5,839282e+002
1,180647e+003;-6,043730e+002
1,181612e+003;-6,248179e+002
1,182576e+003;-6,452983e+002
1,183541e+003;-6,657427e+002
1,184505e+003;-6,845205e+002
1,185469e+003;-7,027246e+002
1,186434e+003;-7,209595e+002
1,187398e+003;-7,391328e+002
1,188363e+003;-7,544536e+002
1,189327e+003;-7,601221e+002
1,190292e+003;-7,657837e+002
1,191256e+003;-7,714517e+002
1,192221e+003;-7,771196e+002
1,193185e+003;-7,194819e+002
1,194150e+003;-6,381455e+002
1,195114e+003;-5,568096e+002
1,196078e+003;-5,445587e+002
1,197043e+003;-5,323077e+002
1,198007e+003;-5,200583e+002
1,198972e+003;-5,078074e+002
1,199936e+003;-4,955565e+002
1,200901e+003;-4,833055e+002
1,201865e+003;-4,710546e+002
1,202830e+003;-4,588052e+002
1,203794e+003;-4,465543e+002
1,204759e+003;-4,343034e+002
1,205723e+003;-4,220525e+002
1,206688e+003;-4,098015e+002
1,207652e+003;-3,975522e+002
1,208616e+003;-3,853012e+002
1,209581e+003;-3,730503e+002
1,210545e+003;-3,003525e+002
1,211510e+003;-2,858403e+002
1,212474e+003;-2,712964e+002
1,213439e+003;-2,567529e+002
1,214403e+003;-2,429800e+002
1,215368e+003;-2,313345e+002
1,216332e+003;-2,196890e+002
1,217297e+003;-2,080171e+002
1,218261e+003;-1,963716e+002
1,219225e+003;-1,622583e+002
1,220190e+003;-1,213960e+002
1,221154e+003;-8,045166e+001
1,222119e+003;-3,950781e+001
1,223083e+003;8,304199e+000
1,224048e+003;7,410791e+001
1,225012e+003;1,399126e+002
1,225977e+003;2,057173e+002
1,226941e+003;2,715215e+002
1,227906e+003;3,631494e+002
1,228870e+003;4,613721e+002
1,229834e+003;5,595942e+002
1,230799e+003;6,578159e+002
1,231763e+003;7,665571e+002
1,232728e+003;8,975293e+002
1,233692e+003;1,028755e+003
1,234657e+003;1,159981e+003
1,235621e+003;1,290954e+003
1,236586e+003;1,463373e+003
1,237550e+003;1,643480e+003
1,238515e+003;1,823937e+003
1,239479e+003;2,004392e+003
1,240443e+003;2,227169e+003
1,241408e+003;2,524295e+003
1,242372e+003;2,821993e+003
1,243337e+003;3,119690e+003
1,244301e+003;3,417388e+003
1,245266e+003;3,886542e+003
1,246230e+003;4,378021e+003
1,247195e+003;4,870440e+003
1,248159e+003;5,361919e+003
1,249124e+003;5,997310e+003
1,250088e+003;6,837699e+003
1,251052e+003;7,679693e+003
1,252017e+003;8,520082e+003
1,252981e+003;9,362076e+003
1,253946e+003;1,093403e+004
1,254910e+003;1,255403e+004
1,255875e+003;1,417711e+004
1,256839e+003;1,579710e+004
1,257804e+003;1,818993e+004
1,258768e+003;2,144492e+004
1,259733e+003;2,469991e+004
1,260697e+003;2,795490e+004
1,261661e+003;3,120376e+004
1,262626e+003;3,391678e+004
1,263590e+003;3,662980e+004
1,264555e+003;3,934798e+004
1,265519e+003;4,206100e+004
1,266484e+003;4,215582e+004
1,267448e+003;4,006499e+004
1,268413e+003;3,797813e+004
1,269377e+003;3,588729e+004
1,270342e+003;3,372226e+004
1,271306e+003;3,068221e+004
1,272271e+003;2,764216e+004
1,273235e+003;2,460788e+004
1,274199e+003;2,156783e+004
1,275164e+003;1,923282e+004
1,276128e+003;1,732102e+004
1,277093e+003;1,540559e+004
1,278057e+003;1,349379e+004
1,279022e+003;1,173535e+004
1,279986e+003;1,072957e+004
1,280951e+003;9,723785e+003
1,281915e+003;8,716098e+003
1,282880e+003;7,710314e+003
1,283844e+003;7,016299e+003
1,284808e+003;6,446131e+003
1,285773e+003;5,877037e+003
1,286737e+003;5,306868e+003
1,287702e+003;4,796490e+003
1,288666e+003;4,452139e+003
1,289631e+003;4,107788e+003
1,290595e+003;3,763436e+003
1,291560e+003;3,419732e+003
1,292524e+003;3,174621e+003
1,293489e+003;2,952885e+003
1,294453e+003;2,731151e+003
1,295418e+003;2,509416e+003
1,296382e+003;2,313371e+003
1,297346e+003;2,163656e+003
1,298311e+003;2,013941e+003
1,299275e+003;1,864227e+003
1,300240e+003;1,714233e+003
1,301204e+003;1,611278e+003
1,302169e+003;1,512458e+003
1,303133e+003;1,413639e+003
1,304098e+003;1,314820e+003
1,305062e+003;1,235798e+003
1,306027e+003;1,178608e+003
1,306991e+003;1,121418e+003
1,307955e+003;1,064228e+003
1,308920e+003;1,008026e+003
1,309884e+003;9,832393e+002
1,310849e+003;9,584521e+002
1,311813e+003;9,336655e+002
1,312778e+003;9,088784e+002
1,313742e+003;8,925840e+002
1,314707e+003;8,821904e+002
1,315671e+003;8,717817e+002
1,316636e+003;8,613882e+002
1,317600e+003;8,563452e+002
1,318564e+003;8,814448e+002
1,319529e+003;9,064922e+002
1,320493e+003;9,315913e+002
1,321458e+003;9,566904e+002
1,322422e+003;1,014961e+003
1,323387e+003;1,086558e+003
1,324351e+003;1,158293e+003
1,325316e+003;1,229889e+003
1,326280e+003;1,310848e+003
1,327245e+003;1,415440e+003
1,328209e+003;1,520034e+003
1,329174e+003;1,624626e+003
1,330138e+003;1,729219e+003
1,331102e+003;1,880375e+003
1,332067e+003;2,039938e+003
1,333031e+003;2,199196e+003
1,333996e+003;2,358454e+003
1,334960e+003;2,586681e+003
1,335925e+003;2,907955e+003
1,336889e+003;3,229839e+003
1,337854e+003;3,551722e+003
1,338818e+003;3,872996e+003
1,339783e+003;4,389807e+003
1,340747e+003;4,907542e+003
1,341711e+003;5,425275e+003
1,342676e+003;5,943009e+003
1,343640e+003;6,307910e+003
1,344605e+003;6,558845e+003
1,345569e+003;6,810258e+003
1,346534e+003;7,061194e+003
1,347498e+003;7,228431e+003
1,348463e+003;6,922525e+003
1,349427e+003;6,617192e+003
1,350392e+003;6,311858e+003
1,351356e+003;6,005953e+003
1,352321e+003;5,569704e+003
1,353285e+003;5,084062e+003
1,354249e+003;4,598418e+003
1,355214e+003;4,113684e+003
1,356178e+003;3,665735e+003
1,357143e+003;3,300480e+003
1,358107e+003;2,935226e+003
1,359072e+003;2,569971e+003
1,360036e+003;2,204717e+003
1,361001e+003;1,976695e+003
1,361965e+003;1,764414e+003
1,362930e+003;1,552133e+003
1,363894e+003;1,339852e+003
1,364858e+003;1,174983e+003
1,365823e+003;1,061583e+003
1,366787e+003;9,481831e+002
1,367752e+003;8,345737e+002
1,368716e+003;7,249595e+002
1,369681e+003;6,655840e+002
1,370645e+003;6,062090e+002
1,371610e+003;5,468330e+002
1,372574e+003;4,874580e+002
1,373539e+003;4,494717e+002
1,374503e+003;4,223794e+002
1,375467e+003;3,952871e+002
1,376432e+003;3,681948e+002
1,377396e+003;3,475356e+002
1,378361e+003;3,456577e+002
1,379325e+003;3,437798e+002
1,380290e+003;3,419019e+002
1,381254e+003;3,400244e+002
1,382219e+003;3,516357e+002
1,383183e+003;3,656372e+002
1,384148e+003;3,796685e+002
1,385112e+003;3,936694e+002
1,386077e+003;4,082676e+002
1,387041e+003;4,235830e+002
1,388005e+003;4,388667e+002
1,388970e+003;4,541821e+002
1,389934e+003;4,694575e+002
1,390899e+003;4,840034e+002
1,391863e+003;4,985493e+002
1,392828e+003;5,131255e+002
1,393792e+003;5,276714e+002
1,394757e+003;5,625752e+002
1,395721e+003;6,085679e+002
1,396686e+003;6,545610e+002
1,397650e+003;7,006440e+002
1,398614e+003;7,540801e+002
1,399579e+003;8,299927e+002
1,400543e+003;9,057588e+002
1,401508e+003;9,816714e+002
1,402472e+003;1,057438e+003
1,403437e+003;1,188623e+003
1,404401e+003;1,329159e+003
1,405366e+003;1,469428e+003
1,406330e+003;1,609964e+003
1,407295e+003;1,756031e+003
1,408259e+003;1,908618e+003
1,409224e+003;2,061206e+003
1,410188e+003;2,213792e+003
1,411152e+003;2,377792e+003
1,412117e+003;2,688464e+003
1,413081e+003;2,999721e+003
1,414046e+003;3,310978e+003
1,415010e+003;3,621650e+003
1,415975e+003;4,079683e+003
1,416939e+003;4,604010e+003
1,417904e+003;5,129320e+003
1,418868e+003;5,653648e+003
1,419833e+003;6,222779e+003
1,420797e+003;6,894767e+003
1,421761e+003;7,566755e+003
1,422726e+003;8,237486e+003
1,423690e+003;8,909474e+003
1,424655e+003;9,527061e+003
1,425619e+003;1,013990e+004
1,426584e+003;1,075274e+004
1,427548e+003;1,136672e+004
1,428513e+003;1,211605e+004
1,429477e+003;1,298438e+004
1,430442e+003;1,385271e+004
1,431406e+003;1,472266e+004
1,432370e+003;1,578670e+004
1,433335e+003;1,792776e+004
1,434299e+003;2,006483e+004
1,435264e+003;2,220988e+004
1,436228e+003;2,435094e+004
1,437193e+003;2,727922e+004
1,438157e+003;3,043817e+004
1,439122e+003;3,359713e+004
1,440086e+003;3,675608e+004
1,441051e+003;3,908736e+004
1,442015e+003;4,019909e+004
1,442979e+003;4,131082e+004
1,443944e+003;4,242255e+004
1,444908e+003;4,342832e+004
1,445873e+003;4,094978e+004
1,446837e+003;3,847585e+004
1,447802e+003;3,600191e+004
1,448766e+003;3,352338e+004
1,449731e+003;3,076176e+004
1,450695e+003;2,784446e+004
1,451660e+003;2,492715e+004
1,452624e+003;2,201527e+004
1,453589e+003;1,947346e+004
1,454553e+003;1,784917e+004
1,455517e+003;1,622489e+004
1,456482e+003;1,460060e+004
1,457446e+003;1,297631e+004
1,458411e+003;1,224094e+004
1,459375e+003;1,157864e+004
1,460340e+003;1,091512e+004
1,461304e+003;1,025283e+004
1,462269e+003;9,971891e+003
1,463233e+003;9,991172e+003
1,464198e+003;1,001045e+004
1,465162e+003;1,002978e+004
1,466126e+003;9,867168e+003
1,467091e+003;8,959986e+003
1,468055e+003;8,052803e+003
1,469020e+003;7,147301e+003
1,469984e+003;6,240118e+003
1,470949e+003;5,673982e+003
1,471913e+003;5,174183e+003
1,472878e+003;4,674384e+003
1,473842e+003;4,174585e+003
1,474807e+003;3,822479e+003
1,475771e+003;3,631097e+003
1,476735e+003;3,439714e+003
1,477700e+003;3,248331e+003
1,478664e+003;3,070429e+003
1,479629e+003;2,991792e+003
1,480593e+003;2,913013e+003
1,481558e+003;2,834234e+003
1,482522e+003;2,755455e+003
1,483487e+003;2,653661e+003
1,484451e+003;2,544702e+003
1,485416e+003;2,435741e+003
1,486380e+003;2,326979e+003
1,487344e+003;2,203265e+003
1,488309e+003;2,058776e+003
1,489273e+003;1,914287e+003
1,490238e+003;1,769798e+003
1,491202e+003;1,626439e+003
1,492167e+003;1,498243e+003
1,493131e+003;1,369813e+003
1,494096e+003;1,241619e+003
1,495060e+003;1,113422e+003
1,496025e+003;1,000916e+003
1,496989e+003;8,947725e+002
1,497953e+003;7,884360e+002
1,498918e+003;6,822930e+002
1,499882e+003;5,842324e+002
1,500847e+003;4,999829e+002
1,501811e+003;4,157334e+002
1,502776e+003;3,314844e+002
1,503740e+003;2,478970e+002
1,504705e+003;1,840327e+002
1,505669e+003;1,201685e+002
1,506634e+003;5,630371e+001
1,507598e+003;-7,560547e+000
1,508563e+003;-6,089697e+001
1,509527e+003;-1,096001e+002
1,510491e+003;-1,582173e+002
1,511456e+003;-2,068345e+002
1,512420e+003;-2,498057e+002
1,513385e+003;-2,821309e+002
1,514349e+003;-3,145127e+002
1,515314e+003;-3,468384e+002
1,516278e+003;-3,790400e+002
1,517243e+003;-3,979355e+002
1,518207e+003;-4,168013e+002
1,519172e+003;-4,356978e+002
1,520136e+003;-4,545942e+002
1,521100e+003;-4,680791e+002
1,522065e+003;-4,789868e+002
1,523029e+003;-4,898945e+002
1,523994e+003;-5,008022e+002
1,524958e+003;-5,100479e+002
1,525923e+003;-5,160933e+002
1,526887e+003;-5,221465e+002
1,527852e+003;-5,281992e+002
1,528816e+003;-5,339883e+002
1,529781e+003;-5,223267e+002
1,530745e+003;-5,106904e+002
1,531709e+003;-4,990288e+002
1,532674e+003;-4,873926e+002
1,533638e+003;-4,730840e+002
1,534603e+003;-4,575498e+002
1,535567e+003;-4,420166e+002
1,536532e+003;-4,264824e+002
1,537496e+003;-4,204346e+002
1,538461e+003;-4,313242e+002
1,539425e+003;-4,422134e+002
1,540390e+003;-4,531030e+002
1,541354e+003;-4,643271e+002
1,542318e+003;-4,855640e+002
1,543283e+003;-5,067651e+002
1,544247e+003;-5,279668e+002
1,545212e+003;-5,492031e+002
1,546176e+003;-5,764639e+002
1,547141e+003;-6,061313e+002
1,548105e+003;-6,359009e+002
1,549070e+003;-6,656187e+002
1,550034e+003;-6,874780e+002
1,550999e+003;-6,972593e+002
1,551963e+003;-7,070405e+002
1,552927e+003;-7,168223e+002
1,553892e+003;-7,252925e+002
1,554856e+003;-7,171948e+002
1,555821e+003;-7,090981e+002
1,556785e+003;-7,010005e+002
1,557750e+003;-6,928843e+002
1,558714e+003;-6,808853e+002
1,559679e+003;-6,676006e+002
1,560643e+003;-6,543447e+002
1,561608e+003;-6,410879e+002
1,562572e+003;-6,259585e+002
1,563537e+003;-6,084883e+002
1,564501e+003;-5,910537e+002
1,565465e+003;-5,735835e+002
1,566430e+003;-5,573057e+002
1,567394e+003;-5,489663e+002
1,568359e+003;-5,406265e+002
1,569323e+003;-5,322676e+002
1,570288e+003;-5,239282e+002
1,571252e+003;-5,346997e+002
1,572217e+003;-5,496138e+002
1,573181e+003;-5,645283e+002
1,574146e+003;-5,794663e+002
1,575110e+003;-5,937490e+002
1,576074e+003;-6,074634e+002
1,577039e+003;-6,211567e+002
1,578003e+003;-6,348711e+002
1,578968e+003;-6,458887e+002
1,579932e+003;-6,466729e+002
1,580897e+003;-6,474575e+002
1,581861e+003;-6,482446e+002
1,582826e+003;-6,490288e+002
1,583790e+003;-6,579590e+002
1,584755e+003;-6,677686e+002
1,585719e+003;-6,775776e+002
1,586683e+003;-6,873877e+002
1,587648e+003;-6,983403e+002
1,588612e+003;-7,100293e+002
1,589577e+003;-7,217354e+002
1,590541e+003;-7,334243e+002
1,591506e+003;-7,477603e+002
1,592470e+003;-7,681211e+002
1,593435e+003;-7,885151e+002
1,594399e+003;-8,088760e+002
1,595364e+003;-8,291509e+002
1,596328e+003;-8,276841e+002
1,597293e+003;-8,262168e+002
1,598257e+003;-8,247563e+002
1,599221e+003;-8,232891e+002
1,600186e+003;-8,291230e+002
1,601150e+003;-8,379517e+002
1,602115e+003;-8,467808e+002
1,603079e+003;-8,556094e+002
1,604044e+003;-8,594805e+002
1,605008e+003;-8,563828e+002
1,605973e+003;-8,532847e+002
1,606937e+003;-8,501768e+002
1,607902e+003;-8,479209e+002
1,608866e+003;-8,516040e+002
1,609830e+003;-8,552847e+002
1,610795e+003;-8,589673e+002
1,611759e+003;-8,626509e+002
1,612724e+003;-8,631611e+002
1,613688e+003;-8,630415e+002
1,614653e+003;-8,629185e+002
1,615617e+003;-8,627993e+002
1,616582e+003;-8,677485e+002
1,617546e+003;-8,768623e+002
1,618511e+003;-8,859751e+002
1,619475e+003;-8,950884e+002
1,620440e+003;-9,022725e+002
1,621404e+003;-9,040483e+002
1,622368e+003;-9,058237e+002
1,623333e+003;-9,075986e+002
1,624297e+003;-9,093735e+002
1,625262e+003;-9,016226e+002
1,626226e+003;-8,936924e+002
1,627191e+003;-8,857427e+002
1,628155e+003;-8,777935e+002
1,629120e+003;-8,783701e+002
1,630084e+003;-8,826118e+002
1,631049e+003;-8,868530e+002
1,632013e+003;-8,910898e+002
1,632977e+003;-8,908560e+002
1,633942e+003;-8,844438e+002
1,634906e+003;-8,780161e+002
1,635871e+003;-8,716040e+002
1,636835e+003;-8,660942e+002
1,637800e+003;-8,659419e+002
1,638764e+003;-8,657939e+002
1,639729e+003;-8,656416e+002
1,640693e+003;-8,654941e+002
1,641658e+003;-8,697378e+002
1,642622e+003;-8,746392e+002
1,643587e+003;-8,795464e+002
1,644551e+003;-8,844536e+002
1,645515e+003;-8,844414e+002
1,646480e+003;-8,810977e+002
1,647444e+003;-8,777529e+002
1,648409e+003;-8,744087e+002
1,649373e+003;-8,707739e+002
1,650338e+003;-8,665303e+002
1,651302e+003;-8,622866e+002
1,652267e+003;-8,580313e+002
1,653231e+003;-8,535146e+002
1,654196e+003;-8,443535e+002
1,655160e+003;-8,351724e+002
1,656124e+003;-8,259912e+002
1,657089e+003;-8,168096e+002
1,658053e+003;-8,194995e+002
1,659018e+003;-8,253159e+002
1,659982e+003;-8,311387e+002
1,660947e+003;-8,369609e+002
1,661911e+003;-8,330000e+002
1,662876e+003;-8,202231e+002
1,663840e+003;-8,074468e+002
1,664805e+003;-7,946699e+002
1,665769e+003;-7,854688e+002
1,666733e+003;-7,862798e+002
1,667698e+003;-7,870884e+002
1,668662e+003;-7,878994e+002
1,669627e+003;-7,886890e+002
1,670591e+003;-7,744141e+002
1,671556e+003;-7,601689e+002
1,672520e+003;-7,458945e+002
1,673485e+003;-7,316196e+002
1,674449e+003;-7,085410e+002
1,675414e+003;-6,823594e+002
1,676378e+003;-6,561772e+002
1,677343e+003;-6,299961e+002
1,678307e+003;-6,043921e+002
1,679271e+003;-5,793779e+002
1,680236e+003;-5,543140e+002
1,681200e+003;-5,292993e+002
1,682165e+003;-5,006494e+002
1,683129e+003;-4,599395e+002
1,684094e+003;-4,193066e+002
1,685058e+003;-3,786748e+002
1,686023e+003;-3,379644e+002
1,686987e+003;-3,269053e+002
1,687952e+003;-3,163633e+002
1,688916e+003;-3,058223e+002
1,689880e+003;-2,953037e+002
1,690845e+003;-3,100122e+002
1,691809e+003;-3,340425e+002
1,692774e+003;-3,580737e+002
1,693738e+003;-3,821045e+002
1,694703e+003;-4,123960e+002
1,695667e+003;-4,494189e+002
1,696632e+003;-4,864419e+002
1,697596e+003;-5,234653e+002
1,698561e+003;-5,571064e+002
1,699525e+003;-5,796147e+002
1,700490e+003;-6,021606e+002
1,701454e+003;-6,247061e+002
1,702418e+003;-6,472144e+002
1,703383e+003;-6,574229e+002
1,704347e+003;-6,675435e+002
1,705312e+003;-6,776499e+002
1,706276e+003;-6,877710e+002
1,707241e+003;-6,933965e+002
1,708205e+003;-6,975317e+002
1,709170e+003;-7,016665e+002
1,710134e+003;-7,058013e+002
1,711099e+003;-6,979033e+002
1,712063e+003;-6,784683e+002
1,713027e+003;-6,590332e+002
1,713992e+003;-6,395596e+002
1,714956e+003;-6,190728e+002
1,715921e+003;-5,957480e+002
1,716885e+003;-5,723760e+002
1,717850e+003;-5,490508e+002
1,718814e+003;-5,271299e+002
1,719779e+003;-5,441182e+002
1,720743e+003;-5,611338e+002
1,721708e+003;-5,781753e+002
1,722672e+003;-5,951904e+002
1,723636e+003;-6,246123e+002
1,724601e+003;-6,570786e+002
1,725565e+003;-6,895449e+002
1,726530e+003;-7,220117e+002
1,727494e+003;-7,476621e+002
1,728459e+003;-7,682070e+002
1,729423e+003;-7,887520e+002
1,730388e+003;-8,093301e+002
1,731352e+003;-8,224590e+002
1,732317e+003;-8,212168e+002
1,733281e+003;-8,199810e+002
1,734245e+003;-8,187388e+002
1,735210e+003;-8,171440e+002
1,736174e+003;-8,126597e+002
1,737139e+003;-8,081753e+002
1,738103e+003;-8,036904e+002
1,739068e+003;-7,992061e+002
1,740032e+003;-8,051978e+002
1,740997e+003;-8,125308e+002
1,741961e+003;-8,198730e+002
1,742926e+003;-8,272056e+002
1,743890e+003;-8,259336e+002
1,744854e+003;-8,202954e+002
1,745819e+003;-8,146440e+002
1,746783e+003;-8,090059e+002
1,747748e+003;-8,044897e+002
1,748712e+003;-8,014126e+002
1,749677e+003;-7,983271e+002
1,750641e+003;-7,952505e+002
1,751606e+003;-7,930522e+002
1,752570e+003;-7,939883e+002
1,753535e+003;-7,949233e+002
1,754499e+003;-7,958584e+002
1,755464e+003;-7,967612e+002
1,756428e+003;-7,875171e+002
1,757392e+003;-7,782725e+002
1,758357e+003;-7,690283e+002
1,759321e+003;-7,597842e+002
1,760286e+003;-7,484365e+002
1,761250e+003;-7,365430e+002
1,762215e+003;-7,246489e+002
1,763179e+003;-7,127310e+002
1,764144e+003;-7,075317e+002
1,765108e+003;-7,073223e+002
1,766073e+003;-7,071079e+002
1,767037e+003;-7,069028e+002
1,768001e+003;-7,079829e+002
1,768966e+003;-7,113394e+002
1,769930e+003;-7,146953e+002
1,770895e+003;-7,180518e+002
1,771859e+003;-7,218252e+002
1,772824e+003;-7,279297e+002
1,773788e+003;-7,340342e+002
1,774753e+003;-7,401387e+002
1,775717e+003;-7,462505e+002
1,776682e+003;-7,502915e+002
1,777646e+003;-7,542144e+002
1,778610e+003;-7,581348e+002
1,779575e+003;-7,620576e+002
1,780539e+003;-7,631606e+002
1,781504e+003;-7,632617e+002
1,782468e+003;-7,633618e+002
1,783433e+003;-7,634658e+002
1,784397e+003;-7,648115e+002
1,785362e+003;-7,672480e+002
1,786326e+003;-7,696855e+002
1,787291e+003;-7,721226e+002
1,788255e+003;-7,748037e+002
1,789219e+003;-7,779780e+002
1,790184e+003;-7,811504e+002
1,791148e+003;-7,843218e+002
1,792113e+003;-7,874292e+002
1,793077e+003;-7,901035e+002
1,794042e+003;-7,927793e+002
1,795006e+003;-7,954536e+002
1,795971e+003;-7,981294e+002
1,796935e+003;-7,881406e+002
1,797900e+003;-7,772529e+002
1,798864e+003;-7,663647e+002
1,799828e+003;-7,554771e+002
1,800793e+003;-7,451187e+002
1,801757e+003;-7,349419e+002
1,802722e+003;-7,247642e+002
1,803686e+003;-7,145864e+002
1,804651e+003;-7,035459e+002
1,805615e+003;-6,917495e+002
1,806580e+003;-6,799531e+002
1,807544e+003;-6,681816e+002
1,808509e+003;-6,599102e+002
1,809473e+003;-6,580537e+002
1,810438e+003;-6,561895e+002
1,811402e+003;-6,543262e+002
1,812366e+003;-6,537690e+002
1,813331e+003;-6,598389e+002
1,814295e+003;-6,659072e+002
1,815260e+003;-6,719771e+002
1,816224e+003;-6,780464e+002
1,817189e+003;-6,824927e+002
1,818153e+003;-6,869004e+002
1,819118e+003;-6,913086e+002
1,820082e+003;-6,957168e+002
1,821047e+003;-6,863813e+002
1,822011e+003;-6,734126e+002
1,822975e+003;-6,604438e+002
1,823940e+003;-6,474482e+002
1,824904e+003;-6,444819e+002
1,825869e+003;-6,480210e+002
1,826833e+003;-6,515601e+002
1,827798e+003;-6,550962e+002
1,828762e+003;-6,629741e+002
1,829727e+003;-6,767671e+002
1,830691e+003;-6,905811e+002
1,831656e+003;-7,043740e+002
1,832620e+003;-7,146406e+002
1,833584e+003;-7,140664e+002
1,834549e+003;-7,134932e+002
1,835513e+003;-7,129141e+002
1,836478e+003;-7,118403e+002
1,837442e+003;-7,038252e+002
1,838407e+003;-6,957925e+002
1,839371e+003;-6,877778e+002
1,840336e+003;-6,797451e+002
1,841300e+003;-6,723774e+002
1,842265e+003;-6,650684e+002
1,843229e+003;-6,577588e+002
1,844193e+003;-6,504502e+002
1,845158e+003;-6,458022e+002
1,846122e+003;-6,421855e+002
1,847087e+003;-6,385684e+002
1,848051e+003;-6,349409e+002
1,849016e+003;-6,349487e+002
1,849980e+003;-6,379810e+002
1,850945e+003;-6,410146e+002
1,851909e+003;-6,440469e+002
1,852874e+003;-6,478672e+002
1,853838e+003;-6,529927e+002
1,854803e+003;-6,581235e+002
1,855767e+003;-6,632495e+002
1,856731e+003;-6,677119e+002
1,857696e+003;-6,696206e+002
1,858660e+003;-6,715293e+002
1,859625e+003;-6,734380e+002
1,860589e+003;-6,752769e+002
1,861554e+003;-6,754614e+002
1,862518e+003;-6,756455e+002
1,863483e+003;-6,758262e+002
1,864447e+003;-6,760107e+002
1,865412e+003;-6,676055e+002
1,866376e+003;-6,579985e+002
1,867340e+003;-6,483711e+002
1,868305e+003;-6,387642e+002
1,869269e+003;-6,365537e+002
1,870234e+003;-6,372939e+002
1,871198e+003;-6,380317e+002
1,872163e+003;-6,387744e+002
1,873127e+003;-6,490864e+002
1,874092e+003;-6,670576e+002
1,875056e+003;-6,850288e+002
1,876021e+003;-7,030005e+002
1,876985e+003;-7,180049e+002
1,877949e+003;-7,285317e+002
1,878914e+003;-7,390596e+002
1,879878e+003;-7,495869e+002
1,880843e+003;-7,607080e+002
1,881807e+003;-7,737354e+002
1,882772e+003;-7,867432e+002
1,883736e+003;-7,997705e+002
1,884701e+003;-8,109546e+002
1,885665e+003;-8,028691e+002
1,886630e+003;-7,948018e+002
1,887594e+003;-7,867168e+002
1,888559e+003;-7,786318e+002
1,889523e+003;-7,859321e+002
1,890487e+003;-7,943115e+002
1,891452e+003;-8,027012e+002
1,892416e+003;-8,110806e+002
1,893381e+003;-8,152139e+002
1,894345e+003;-8,181938e+002
1,895310e+003;-8,211738e+002
1,896274e+003;-8,241538e+002
1,897239e+003;-8,261250e+002
1,898203e+003;-8,275205e+002
1,899168e+003;-8,289150e+002
1,900132e+003;-8,303110e+002
1,901096e+003;-8,320815e+002
1,902061e+003;-8,342427e+002
1,903025e+003;-8,364038e+002
1,903990e+003;-8,385649e+002
1,904954e+003;-8,412090e+002
1,905919e+003;-8,447695e+002
1,906883e+003;-8,483296e+002
1,907848e+003;-8,518901e+002
1,908812e+003;-8,549717e+002
1,909777e+003;-8,561689e+002
1,910741e+003;-8,573643e+002
1,911706e+003;-8,585620e+002
1,912670e+003;-8,596880e+002
1,913634e+003;-8,597163e+002
1,914599e+003;-8,597485e+002
1,915563e+003;-8,597729e+002
1,916528e+003;-8,598013e+002
1,917492e+003;-8,538784e+002
1,918457e+003;-8,474604e+002
1,919421e+003;-8,410430e+002
1,920386e+003;-8,346255e+002
1,921350e+003;-8,293877e+002
1,922315e+003;-8,244624e+002
1,923279e+003;-8,195376e+002
1,924243e+003;-8,146123e+002
1,925208e+003;-8,231689e+002
1,926172e+003;-8,389146e+002
1,927137e+003;-8,546357e+002
1,928101e+003;-8,703574e+002
1,929066e+003;-8,722754e+002
1,930030e+003;-8,614316e+002
1,930995e+003;-8,506104e+002
1,931959e+003;-8,397666e+002
1,932924e+003;-8,276719e+002
1,933888e+003;-8,136367e+002
1,934852e+003;-7,995449e+002
1,935817e+003;-7,854810e+002
1,936781e+003;-7,716460e+002
1,937746e+003;-7,584341e+002
1,938710e+003;-7,451948e+002
1,939675e+003;-7,319829e+002
1,940639e+003;-7,215879e+002
1,941604e+003;-7,292031e+002
1,942568e+003;-7,368276e+002
1,943533e+003;-7,444434e+002
1,944497e+003;-7,518711e+002
1,945462e+003;-7,403545e+002
1,946426e+003;-7,288149e+002
1,947390e+003;-7,172749e+002
1,948355e+003;-7,057349e+002
1,949319e+003;-6,893262e+002
1,950284e+003;-6,723281e+002
1,951248e+003;-6,552964e+002
1,952213e+003;-6,382314e+002
1,953177e+003;-6,175903e+002
1,954142e+003;-5,958398e+002
1,955106e+003;-5,740483e+002
1,956071e+003;-5,522979e+002
1,957035e+003;-5,553379e+002
1,957999e+003;-5,718501e+002
1,958964e+003;-5,883872e+002
1,959928e+003;-6,048994e+002
1,960893e+003;-6,151792e+002
1,961857e+003;-6,199258e+002
1,962822e+003;-6,246719e+002
1,963786e+003;-6,294136e+002
1,964751e+003;-6,261030e+002
1,965715e+003;-6,114229e+002
1,966680e+003;-5,967437e+002
1,967644e+003;-5,820635e+002
1,968609e+003;-5,661865e+002
1,969573e+003;-5,476313e+002
1,970537e+003;-5,290757e+002
1,971502e+003;-5,104834e+002
1,972466e+003;-4,950625e+002
1,973431e+003;-4,929204e+002
1,974395e+003;-4,907705e+002
1,975360e+003;-4,886206e+002
1,976324e+003;-4,891201e+002
1,977289e+003;-5,199312e+002
1,978253e+003;-5,507930e+002
1,979218e+003;-5,816045e+002
1,980182e+003;-6,124155e+002
1,981146e+003;-6,478711e+002
1,982111e+003;-6,834541e+002
1,983075e+003;-7,190371e+002
1,984040e+003;-7,546206e+002
1,985004e+003;-7,737944e+002
1,985969e+003;-7,904697e+002
1,986933e+003;-8,071445e+002
1,987898e+003;-8,238457e+002
1,988862e+003;-8,387959e+002
1,989827e+003;-8,532461e+002
1,990791e+003;-8,676958e+002
1,991755e+003;-8,821245e+002
1,992720e+003;-8,955347e+002
1,993684e+003;-9,084229e+002
1,994649e+003;-9,213105e+002
1,995613e+003;-9,341987e+002
1,996578e+003;-9,403916e+002
1,997542e+003;-9,414033e+002
1,998507e+003;-9,424111e+002
1,999471e+003;-9,434229e+002
2,000436e+003;-9,429243e+002
2,001400e+003;-9,406963e+002
2,002365e+003;-9,384756e+002
2,003329e+003;-9,362471e+002
2,004293e+003;-9,372266e+002
2,005258e+003;-9,436255e+002
2,006222e+003;-9,500244e+002
2,007187e+003;-9,564165e+002
2,008151e+003;-9,647969e+002
2,009116e+003;-9,783647e+002
2,010080e+003;-9,919326e+002
2,011045e+003;-1,005501e+003
2,012009e+003;-1,015395e+003
2,012974e+003;-1,009041e+003
2,013938e+003;-1,002701e+003
2,014902e+003;-9,963608e+002
2,015867e+003;-9,910435e+002
2,016831e+003;-9,955396e+002
2,017796e+003;-1,000043e+003
2,018760e+003;-1,004539e+003
2,019725e+003;-1,009027e+003
2,020689e+003;-1,012313e+003
2,021654e+003;-1,015596e+003
2,022618e+003;-1,018882e+003
2,023583e+003;-1,022167e+003
2,024547e+003;-1,026590e+003
2,025511e+003;-1,031109e+003
2,026476e+003;-1,035628e+003
2,027440e+003;-1,040151e+003
2,028405e+003;-1,039959e+003
2,029369e+003;-1,038857e+003
2,030334e+003;-1,037754e+003
2,031298e+003;-1,036646e+003
2,032263e+003;-1,031548e+003
2,033227e+003;-1,025133e+003
2,034192e+003;-1,018718e+003
2,035156e+003;-1,012317e+003
2,036120e+003;-1,007955e+003
2,037085e+003;-1,004585e+003
2,038049e+003;-1,001206e+003
2,039014e+003;-9,978364e+002
2,039978e+003;-9,857832e+002
2,040943e+003;-9,678618e+002
2,041907e+003;-9,499409e+002
2,042872e+003;-9,319849e+002
2,043836e+003;-9,014834e+002
2,044801e+003;-8,593804e+002
2,045765e+003;-8,172007e+002
2,046729e+003;-7,750977e+002
2,047694e+003;-7,441904e+002
2,048658e+003;-7,273398e+002
2,049623e+003;-7,104561e+002
2,050587e+003;-6,935723e+002
2,051552e+003;-6,936025e+002
2,052516e+003;-7,221333e+002
2,053481e+003;-7,506641e+002
2,054445e+003;-7,791953e+002
2,055409e+003;-8,090107e+002
2,056374e+003;-8,418340e+002
2,057338e+003;-8,746567e+002
2,058303e+003;-9,075337e+002
2,059267e+003;-9,380815e+002
2,060232e+003;-9,611377e+002
2,061196e+003;-9,842656e+002
2,062161e+003;-1,007358e+003
2,063125e+003;-1,028174e+003
2,064090e+003;-1,037793e+003
2,065054e+003;-1,047414e+003
2,066019e+003;-1,057021e+003
2,066983e+003;-1,066171e+003
2,067948e+003;-1,071112e+003
2,068912e+003;-1,076053e+003
2,069876e+003;-1,081000e+003
2,070841e+003;-1,085623e+003
2,071805e+003;-1,082178e+003
2,072770e+003;-1,078733e+003
2,073734e+003;-1,075277e+003
2,074699e+003;-1,071832e+003
2,075663e+003;-1,083659e+003
2,076628e+003;-1,095851e+003
2,077592e+003;-1,108059e+003
2,078556e+003;-1,120269e+003
2,079521e+003;-1,124963e+003
2,080485e+003;-1,128982e+003
2,081450e+003;-1,133006e+003
2,082414e+003;-1,137024e+003
2,083379e+003;-1,137269e+003
2,084343e+003;-1,136898e+003
2,085308e+003;-1,136527e+003
2,086272e+003;-1,136152e+003
2,087237e+003;-1,145918e+003
2,088201e+003;-1,158147e+003
2,089166e+003;-1,170393e+003
2,090130e+003;-1,182622e+003
2,091094e+003;-1,184860e+003
2,092059e+003;-1,183760e+003
2,093023e+003;-1,182667e+003
2,093988e+003;-1,181567e+003
2,094952e+003;-1,187061e+003
2,095917e+003;-1,195408e+003
2,096881e+003;-1,203753e+003
2,097846e+003;-1,212099e+003
2,098810e+003;-1,202127e+003
2,099775e+003;-1,182206e+003
2,100739e+003;-1,162245e+003
2,101703e+003;-1,142285e+003
2,102668e+003;-1,126921e+003
2,103632e+003;-1,114541e+003
2,104597e+003;-1,102186e+003
2,105561e+003;-1,089805e+003
2,106526e+003;-1,073502e+003
2,107490e+003;-1,053985e+003
2,108455e+003;-1,034467e+003
2,109419e+003;-1,014950e+003
2,110384e+003;-9,869673e+002
2,111348e+003;-9,508647e+002
2,112313e+003;-9,147617e+002
2,113277e+003;-8,786597e+002
2,114241e+003;-8,552876e+002
2,115206e+003;-8,463691e+002
2,116170e+003;-8,374331e+002
2,117135e+003;-8,285146e+002
2,118099e+003;-8,361694e+002
2,119064e+003;-8,661455e+002
2,120028e+003;-8,961206e+002
2,120993e+003;-9,260488e+002
2,121957e+003;-9,552422e+002
2,122922e+003;-9,832236e+002
2,123886e+003;-1,011249e+003
2,124850e+003;-1,039230e+003
2,125815e+003;-1,059203e+003
2,126779e+003;-1,064580e+003
2,127744e+003;-1,069952e+003
2,128708e+003;-1,075323e+003
2,129673e+003;-1,080003e+003
2,130637e+003;-1,083201e+003
2,131602e+003;-1,086396e+003
2,132566e+003;-1,089593e+003
2,133531e+003;-1,096593e+003
2,134495e+003;-1,113162e+003
2,135459e+003;-1,129705e+003
2,136424e+003;-1,146273e+003
2,137388e+003;-1,155560e+003
2,138353e+003;-1,143426e+003
2,139317e+003;-1,131292e+003
2,140282e+003;-1,119158e+003
2,141246e+003;-1,109852e+003
2,142211e+003;-1,110299e+003
2,143175e+003;-1,110743e+003
2,144140e+003;-1,111189e+003
2,145104e+003;-1,112212e+003
2,146068e+003;-1,115569e+003
2,147033e+003;-1,118926e+003
2,147998e+003;-1,122282e+003
2,148962e+003;-1,118781e+003
2,149926e+003;-1,082474e+003
2,150891e+003;-1,046101e+003
2,151855e+003;-1,009727e+003
2,152820e+003;-9,714272e+002
2,153784e+003;-9,220088e+002
2,154749e+003;-8,725889e+002
2,155713e+003;-8,231699e+002
2,156677e+003;-7,783809e+002
2,157642e+003;-7,654595e+002
2,158606e+003;-7,525112e+002
2,159571e+003;-7,395889e+002
2,160535e+003;-7,319590e+002
2,161500e+003;-7,690459e+002
2,162464e+003;-8,061328e+002
2,163429e+003;-8,432188e+002
2,164393e+003;-8,793247e+002
2,165358e+003;-9,056719e+002
2,166322e+003;-9,319766e+002
2,167287e+003;-9,583232e+002
2,168251e+003;-9,838301e+002
2,169216e+003;-9,988037e+002
2,170180e+003;-1,013776e+003
2,171145e+003;-1,028770e+003
2,172109e+003;-1,042750e+003
2,173073e+003;-1,041092e+003
2,174038e+003;-1,039428e+003
2,175002e+003;-1,037770e+003
2,175967e+003;-1,036209e+003
2,176931e+003;-1,036631e+003
2,177896e+003;-1,037052e+003
2,178860e+003;-1,037476e+003
2,179824e+003;-1,038444e+003
2,180789e+003;-1,054223e+003
2,181753e+003;-1,070023e+003
2,182718e+003;-1,085801e+003
2,183682e+003;-1,101445e+003
2,184647e+003;-1,112652e+003
2,185611e+003;-1,123859e+003
2,186576e+003;-1,135081e+003
2,187540e+003;-1,145876e+003
2,188505e+003;-1,138367e+003
2,189469e+003;-1,130840e+003
2,190434e+003;-1,123331e+003
2,191398e+003;-1,115546e+003
2,192363e+003;-1,092337e+003
2,193327e+003;-1,069170e+003
2,194292e+003;-1,045960e+003
2,195256e+003;-1,022632e+003
2,196220e+003;-9,898101e+002
2,197185e+003;-9,569878e+002
2,198149e+003;-9,241646e+002
2,199114e+003;-8,915620e+002
2,200078e+003;-8,767114e+002
2,201042e+003;-8,618887e+002
2,202007e+003;-8,470664e+002
2,202971e+003;-8,319971e+002
2,203936e+003;-8,003193e+002
2,204900e+003;-7,685259e+002
2,205865e+003;-7,368472e+002
2,206829e+003;-7,050332e+002
2,207794e+003;-6,679126e+002
2,208758e+003;-6,307920e+002
2,209723e+003;-5,937373e+002
2,210687e+003;-5,573101e+002
2,211652e+003;-5,540625e+002
2,212616e+003;-5,508052e+002
2,213581e+003;-5,475576e+002
2,214545e+003;-5,444810e+002
2,215510e+003;-5,475190e+002
2,216474e+003;-5,505591e+002
2,217438e+003;-5,535967e+002
2,218403e+003;-5,558164e+002
2,219367e+003;-5,356709e+002
2,220332e+003;-5,154873e+002
2,221296e+003;-4,953032e+002
2,222261e+003;-4,750425e+002
2,223225e+003;-4,520669e+002
2,224189e+003;-4,290474e+002
2,225154e+003;-4,060718e+002
2,226118e+003;-3,862705e+002
2,227083e+003;-4,184595e+002
2,228047e+003;-4,507007e+002
2,229012e+003;-4,828896e+002
2,229976e+003;-5,164956e+002
2,230941e+003;-5,688608e+002
2,231905e+003;-6,211411e+002
2,232870e+003;-6,735049e+002
2,233834e+003;-7,231113e+002
2,234799e+003;-7,446157e+002
2,235763e+003;-7,661196e+002
2,236728e+003;-7,875913e+002
2,237692e+003;-8,069790e+002
2,238656e+003;-8,080146e+002
2,239621e+003;-8,090503e+002
2,240585e+003;-8,100850e+002
2,241550e+003;-8,085781e+002
2,242514e+003;-7,890200e+002
2,243479e+003;-7,694253e+002
2,244443e+003;-7,498296e+002
2,245408e+003;-7,310854e+002
2,246372e+003;-7,170776e+002
2,247336e+003;-7,030410e+002
2,248301e+003;-6,890054e+002
2,249265e+003;-6,823164e+002
2,250230e+003;-7,120322e+002
2,251194e+003;-7,417485e+002
2,252159e+003;-7,714634e+002
2,253123e+003;-8,060649e+002
2,254088e+003;-8,611973e+002
2,255052e+003;-9,163296e+002
2,256017e+003;-9,714604e+002
2,256981e+003;-1,021911e+003
2,257946e+003;-1,055396e+003
2,258910e+003;-1,088879e+003
2,259875e+003;-1,122417e+003
2,260839e+003;-1,150182e+003
2,261803e+003;-1,160542e+003
2,262768e+003;-1,170901e+003
2,263732e+003;-1,181246e+003
2,264697e+003;-1,195791e+003
2,265661e+003;-1,221287e+003
2,266626e+003;-1,246822e+003
2,267590e+003;-1,272316e+003
2,268555e+003;-1,301795e+003
2,269519e+003;-1,340142e+003
2,270483e+003;-1,378550e+003
2,271448e+003;-1,416897e+003
2,272412e+003;-1,444283e+003
2,273377e+003;-1,450833e+003
2,274341e+003;-1,457375e+003
2,275306e+003;-1,463923e+003
2,276270e+003;-1,465320e+003
2,277235e+003;-1,458301e+003
2,278199e+003;-1,451281e+003
2,279164e+003;-1,444261e+003
2,280128e+003;-1,439697e+003
2,281093e+003;-1,438547e+003
2,282057e+003;-1,437396e+003
2,283021e+003;-1,436247e+003
2,283986e+003;-1,426025e+003
2,284950e+003;-1,405012e+003
2,285915e+003;-1,383920e+003
2,286879e+003;-1,362906e+003
2,287844e+003;-1,341441e+003
2,288808e+003;-1,319589e+003
2,289773e+003;-1,297696e+003
2,290737e+003;-1,275843e+003
2,291701e+003;-1,279815e+003
2,292666e+003;-1,305653e+003
2,293630e+003;-1,331491e+003
2,294595e+003;-1,357329e+003
2,295559e+003;-1,374254e+003
2,296524e+003;-1,384928e+003
2,297488e+003;-1,395603e+003
2,298453e+003;-1,406276e+003
2,299417e+003;-1,408358e+003
2,300382e+003;-1,405469e+003
2,301346e+003;-1,402571e+003
2,302311e+003;-1,399682e+003
2,303275e+003;-1,388950e+003
2,304240e+003;-1,374592e+003
2,305204e+003;-1,360179e+003
2,306168e+003;-1,345793e+003
2,307133e+003;-1,332423e+003
2,308097e+003;-1,319415e+003
2,309062e+003;-1,306407e+003
2,310026e+003;-1,293397e+003
2,310991e+003;-1,296495e+003
2,311955e+003;-1,303966e+003
2,312920e+003;-1,311436e+003
2,313884e+003;-1,318916e+003
2,314848e+003;-1,307579e+003
2,315813e+003;-1,292635e+003
2,316777e+003;-1,277719e+003
2,317742e+003;-1,262775e+003
2,318706e+003;-1,229494e+003
2,319671e+003;-1,194134e+003
2,320635e+003;-1,158712e+003
2,321600e+003;-1,123289e+003
2,322564e+003;-1,125700e+003
2,323529e+003;-1,129978e+003
2,324493e+003;-1,134257e+003
2,325458e+003;-1,138658e+003
2,326422e+003;-1,152399e+003
2,327386e+003;-1,166123e+003
2,328351e+003;-1,179846e+003
2,329315e+003;-1,190043e+003
2,330280e+003;-1,156649e+003
2,331244e+003;-1,123197e+003
2,332209e+003;-1,089745e+003
2,333173e+003;-1,058090e+003
2,334138e+003;-1,037565e+003
2,335102e+003;-1,017002e+003
2,336067e+003;-9,964385e+002
2,337031e+003;-9,586353e+002
2,337995e+003;-8,528413e+002
2,338960e+003;-7,468672e+002
2,339924e+003;-6,410742e+002
2,340889e+003;-5,354121e+002
2,341853e+003;-4,299785e+002
2,342818e+003;-3,243662e+002
2,343782e+003;-2,189346e+002
2,344747e+003;-1,200234e+002
2,345711e+003;-3,417285e+001
2,346676e+003;5,167871e+001
2,347640e+003;1,375313e+002
2,348604e+003;1,710137e+002
2,349569e+003;1,290127e+002
2,350533e+003;8,701172e+001
2,351498e+003;4,500977e+001
2,352462e+003;-3,283887e+001
2,353427e+003;-1,493477e+002
2,354391e+003;-2,660498e+002
2,355356e+003;-3,825596e+002
2,356320e+003;-4,730010e+002
2,357285e+003;-5,423926e+002
2,358249e+003;-6,118965e+002
2,359214e+003;-6,812876e+002
2,360178e+003;-6,989893e+002
2,361142e+003;-6,863960e+002
2,362107e+003;-6,738037e+002
2,363071e+003;-6,612109e+002
2,364036e+003;-6,179453e+002
2,365000e+003;-5,620957e+002
2,365965e+003;-5,061504e+002
2,366929e+003;-4,503018e+002
2,367894e+003;-4,594277e+002
2,368858e+003;-4,859141e+002
2,369823e+003;-5,123594e+002
2,370787e+003;-5,388037e+002
2,371751e+003;-6,131074e+002
2,372716e+003;-6,945840e+002
2,373680e+003;-7,759287e+002
2,374645e+003;-8,574063e+002
2,375609e+003;-9,292041e+002
2,376574e+003;-1,000549e+003
2,377538e+003;-1,071896e+003
2,378503e+003;-1,142487e+003
2,379467e+003;-1,194516e+003
2,380432e+003;-1,246547e+003
2,381396e+003;-1,298660e+003
2,382361e+003;-1,348228e+003
2,383325e+003;-1,380635e+003
2,384289e+003;-1,413143e+003
2,385254e+003;-1,445550e+003
2,386218e+003;-1,474629e+003
2,387183e+003;-1,491367e+003
2,388147e+003;-1,508082e+003
2,389112e+003;-1,524820e+003
2,390076e+003;-1,538035e+003
2,391041e+003;-1,543199e+003
2,392005e+003;-1,548365e+003
2,392969e+003;-1,553530e+003
2,393934e+003;-1,551322e+003
2,394898e+003;-1,537829e+003
2,395863e+003;-1,524362e+003
2,396827e+003;-1,510895e+003
2,397792e+003;-1,505920e+003
2,398756e+003;-1,509807e+003
2,399721e+003;-1,513698e+003
2,400685e+003;-1,517588e+003
2,401650e+003;-1,530656e+003
2,402614e+003;-1,550255e+003
2,403579e+003;-1,569855e+003
2,404543e+003;-1,589455e+003
2,405508e+003;-1,591070e+003
2,406472e+003;-1,584323e+003
2,407436e+003;-1,577561e+003
2,408401e+003;-1,570800e+003
2,409365e+003;-1,574743e+003
2,410330e+003;-1,581630e+003
2,411294e+003;-1,588527e+003
2,412259e+003;-1,595416e+003
2,413223e+003;-1,582485e+003
2,414188e+003;-1,566974e+003
2,415152e+003;-1,551434e+003
2,416116e+003;-1,535893e+003
2,417081e+003;-1,515497e+003
2,418045e+003;-1,495029e+003
2,419010e+003;-1,474560e+003
2,419974e+003;-1,454341e+003
2,420939e+003;-1,436167e+003
2,421903e+003;-1,417993e+003
2,422868e+003;-1,399854e+003
2,423832e+003;-1,375089e+003
2,424797e+003;-1,322562e+003
2,425761e+003;-1,269943e+003
2,426726e+003;-1,217416e+003
2,427690e+003;-1,171578e+003
2,428654e+003;-1,141430e+003
2,429619e+003;-1,111282e+003
2,430583e+003;-1,081133e+003
2,431548e+003;-1,059690e+003
2,432512e+003;-1,051179e+003
2,433477e+003;-1,042649e+003
2,434441e+003;-1,034139e+003
2,435406e+003;-1,017402e+003
2,436370e+003;-9,928564e+002
2,437334e+003;-9,682656e+002
2,438299e+003;-9,436758e+002
2,439263e+003;-9,183154e+002
2,440228e+003;-8,924722e+002
2,441192e+003;-8,666289e+002
2,442157e+003;-8,407847e+002
2,443121e+003;-7,928711e+002
2,444086e+003;-7,367480e+002
2,445050e+003;-6,806230e+002
2,446015e+003;-6,245957e+002
2,446979e+003;-5,317344e+002
2,447944e+003;-4,323301e+002
2,448908e+003;-3,327578e+002
2,449873e+003;-2,331846e+002
2,450837e+003;-1,220322e+002
2,451801e+003;-1,018848e+001
2,452766e+003;1,016543e+002
2,453730e+003;2,071641e+002
2,454695e+003;2,376055e+002
2,455659e+003;2,680459e+002
2,456624e+003;2,984883e+002
2,457588e+003;3,011875e+002
2,458552e+003;1,901396e+002
2,459517e+003;7,909375e+001
2,460481e+003;-3,213379e+001
2,461446e+003;-1,469600e+002
2,462410e+003;-2,703027e+002
2,463375e+003;-3,938457e+002
2,464339e+003;-5,169883e+002
2,465304e+003;-6,189863e+002
2,466268e+003;-6,937578e+002
2,467233e+003;-7,685293e+002
2,468197e+003;-8,432998e+002
2,469162e+003;-9,001162e+002
2,470126e+003;-9,430674e+002
2,471091e+003;-9,859521e+002
2,472055e+003;-1,028837e+003
2,473020e+003;-1,060281e+003
2,473984e+003;-1,086493e+003
2,474948e+003;-1,112745e+003
2,475913e+003;-1,138957e+003
2,476877e+003;-1,146004e+003
2,477842e+003;-1,148708e+003
2,478806e+003;-1,151410e+003
2,479771e+003;-1,154113e+003
2,480735e+003;-1,130111e+003
2,481699e+003;-1,104516e+003
2,482664e+003;-1,078921e+003
2,483628e+003;-1,054232e+003
2,484593e+003;-1,041138e+003
2,485557e+003;-1,028021e+003
2,486522e+003;-1,014902e+003
2,487486e+003;-1,011683e+003
2,488451e+003;-1,045881e+003
2,489415e+003;-1,080028e+003
2,490380e+003;-1,114227e+003
2,491344e+003;-1,143560e+003
2,492309e+003;-1,163619e+003
2,493273e+003;-1,183677e+003
2,494238e+003;-1,203707e+003
2,495202e+003;-1,213761e+003
2,496167e+003;-1,212922e+003
2,497131e+003;-1,212085e+003
2,498095e+003;-1,211248e+003
2,499060e+003;-1,214303e+003
2,500024e+003;-1,219784e+003
2,500989e+003;-1,225259e+003
2,501953e+003;-1,230741e+003
2,502917e+003;-1,201024e+003
2,503882e+003;-1,160062e+003
2,504846e+003;-1,118957e+003
2,505811e+003;-1,077923e+003
2,506775e+003;-1,016546e+003
2,507740e+003;-9,528818e+002
2,508704e+003;-8,892178e+002
2,509669e+003;-8,279814e+002
2,510633e+003;-8,211201e+002
2,511598e+003;-8,142568e+002
2,512562e+003;-8,073809e+002
2,513527e+003;-8,056328e+002
2,514491e+003;-8,261533e+002
2,515456e+003;-8,466445e+002
2,516420e+003;-8,671650e+002
2,517385e+003;-8,671709e+002
2,518349e+003;-8,263789e+002
2,519313e+003;-7,855146e+002
2,520278e+003;-7,446523e+002
2,521242e+003;-6,710342e+002
2,522207e+003;-5,621367e+002
2,523171e+003;-4,530576e+002
2,524136e+003;-3,439785e+002
2,525100e+003;-2,590967e+002
2,526064e+003;-1,880156e+002
2,527029e+003;-1,168154e+002
2,527993e+003;-4,573438e+001
2,528958e+003;-9,027441e+001
2,529922e+003;-1,663096e+002
2,530887e+003;-2,424658e+002
2,531851e+003;-3,186221e+002
2,532816e+003;-4,292979e+002
2,533780e+003;-5,422354e+002
2,534745e+003;-6,551719e+002
2,535709e+003;-7,636094e+002
2,536674e+003;-8,293613e+002
2,537638e+003;-8,951133e+002
2,538603e+003;-9,608652e+002
2,539567e+003;-1,014614e+003
2,540531e+003;-1,032355e+003
2,541496e+003;-1,050122e+003
2,542460e+003;-1,067862e+003
2,543425e+003;-1,082810e+003
2,544389e+003;-1,093710e+003
2,545354e+003;-1,104625e+003
2,546318e+003;-1,115510e+003
2,547283e+003;-1,109215e+003
2,548247e+003;-1,090037e+003
2,549211e+003;-1,070824e+003
2,550176e+003;-1,051646e+003
2,551140e+003;-1,039588e+003
2,552105e+003;-1,030089e+003
2,553069e+003;-1,020571e+003
2,554034e+003;-1,011072e+003
2,554998e+003;-9,971865e+002
2,555963e+003;-9,828301e+002
2,556927e+003;-9,684463e+002
2,557892e+003;-9,543457e+002
2,558856e+003;-9,442666e+002
2,559821e+003;-9,341680e+002
2,560785e+003;-9,240693e+002
2,561750e+003;-9,062725e+002
2,562714e+003;-8,628770e+002
2,563678e+003;-8,193340e+002
2,564643e+003;-7,759395e+002
2,565607e+003;-7,159336e+002
2,566572e+003;-6,311074e+002
2,567536e+003;-5,464229e+002
2,568501e+003;-4,615967e+002
2,569465e+003;-3,411494e+002
2,570430e+003;-1,938623e+002
2,571394e+003;-4,657617e+001
2,572358e+003;1,007100e+002
2,573323e+003;2,502764e+002
2,574287e+003;4,006758e+002
2,575252e+003;5,510752e+002
2,576216e+003;7,014746e+002
2,577181e+003;7,523145e+002
2,578145e+003;7,947246e+002
2,579110e+003;8,372080e+002
2,580074e+003;8,722656e+002
2,581039e+003;8,392871e+002
2,582003e+003;8,063086e+002
2,582968e+003;7,733291e+002
2,583932e+003;7,477266e+002
2,584896e+003;7,412441e+002
2,585861e+003;7,347637e+002
2,586825e+003;7,282822e+002
2,587790e+003;7,554756e+002
2,588754e+003;8,227412e+002
2,589719e+003;8,900059e+002
2,590683e+003;9,573838e+002
2,591648e+003;1,082460e+003
2,592612e+003;1,240271e+003
2,593577e+003;1,398343e+003
2,594541e+003;1,556152e+003
2,595505e+003;1,744187e+003
2,596470e+003;1,938489e+003
2,597434e+003;2,133112e+003
2,598399e+003;2,327333e+003
2,599363e+003;2,467033e+003
2,600328e+003;2,606964e+003
2,601292e+003;2,746664e+003
2,602257e+003;2,849256e+003
2,603221e+003;2,798390e+003
2,604186e+003;2,747523e+003
2,605150e+003;2,696579e+003
2,606115e+003;2,617445e+003
2,607079e+003;2,492501e+003
2,608043e+003;2,367755e+003
2,609008e+003;2,242811e+003
2,609972e+003;2,097257e+003
2,610937e+003;1,936563e+003
2,611901e+003;1,775615e+003
2,612866e+003;1,614665e+003
2,613830e+003;1,522912e+003
2,614795e+003;1,452392e+003
2,615759e+003;1,381870e+003
2,616724e+003;1,311349e+003
2,617688e+003;1,323930e+003
2,618652e+003;1,340142e+003
2,619617e+003;1,356383e+003
2,620581e+003;1,379941e+003
2,621546e+003;1,444104e+003
2,622510e+003;1,508266e+003
2,623475e+003;1,572428e+003
2,624439e+003;1,952119e+003
2,625404e+003;2,911598e+003
2,626368e+003;3,871075e+003
2,627333e+003;4,830553e+003
2,628297e+003;5,982808e+003
2,629261e+003;7,292384e+003
2,630226e+003;8,601961e+003
2,631190e+003;9,911538e+003
2,632155e+003;9,551901e+003
2,633119e+003;8,639848e+003
2,634084e+003;7,726321e+003
2,635048e+003;6,814269e+003
2,636013e+003;5,683724e+003
2,636977e+003;4,542147e+003
2,637942e+003;3,400571e+003
2,638906e+003;2,395807e+003
2,639870e+003;2,117855e+003
2,640835e+003;1,839458e+003
2,641799e+003;1,561506e+003
2,642764e+003;1,429336e+003
2,643728e+003;1,550779e+003
2,644693e+003;1,672421e+003
2,645657e+003;1,793863e+003
2,646622e+003;2,031115e+003
2,647586e+003;2,355762e+003
2,648551e+003;2,680409e+003
2,649515e+003;3,004528e+003
2,650479e+003;3,621955e+003
2,651444e+003;4,321928e+003
2,652408e+003;5,021898e+003
2,653373e+003;5,721869e+003
2,654337e+003;7,373989e+003
2,655302e+003;9,034364e+003
2,656266e+003;1,069742e+004
2,657231e+003;1,252717e+004
2,658195e+003;1,501817e+004
2,659160e+003;1,751721e+004
2,660124e+003;2,000820e+004
2,661089e+003;2,190620e+004
2,662053e+003;2,297976e+004
2,663017e+003;2,405505e+004
2,663982e+003;2,513034e+004
2,664946e+003;2,422830e+004
2,665911e+003;2,219395e+004
2,666875e+003;2,015959e+004
2,667840e+003;1,812523e+004
2,668804e+003;1,629804e+004
2,669769e+003;1,450289e+004
2,670733e+003;1,271063e+004
2,671698e+003;1,097267e+004
2,672662e+003;9,923747e+003
2,673626e+003;8,876508e+003
2,674591e+003;7,827588e+003
2,675555e+003;6,971839e+003
2,676520e+003;6,579083e+003
2,677484e+003;6,186956e+003
2,678449e+003;5,794201e+003
2,679413e+003;5,778840e+003
2,680378e+003;6,117561e+003
2,681342e+003;6,457378e+003
2,682307e+003;6,796098e+003
2,683271e+003;7,193309e+003
2,684236e+003;7,611620e+003
2,685200e+003;8,029258e+003
2,686164e+003;8,447572e+003
2,687129e+003;8,509681e+003
2,688093e+003;8,560689e+003
2,689058e+003;8,611696e+003
2,690022e+003;8,826556e+003
2,690987e+003;9,716086e+003
2,691951e+003;1,060562e+004
2,692916e+003;1,149515e+004
2,693880e+003;1,208638e+004
2,694844e+003;1,227404e+004
2,695809e+003;1,246170e+004
2,696773e+003;1,264936e+004
2,697738e+003;1,193032e+004
2,698702e+003;1,073923e+004
2,699667e+003;9,544316e+003
2,700631e+003;8,351315e+003
2,701596e+003;7,269124e+003
2,702560e+003;6,197979e+003
2,703525e+003;5,126833e+003
2,704489e+003;4,125629e+003
2,705454e+003;3,605693e+003
2,706418e+003;3,085760e+003
2,707383e+003;2,565825e+003
2,708347e+003;2,129951e+003
2,709311e+003;1,843138e+003
2,710276e+003;1,556322e+003
2,711240e+003;1,269051e+003
2,712205e+003;1,049758e+003
2,713169e+003;8,749365e+002
2,714134e+003;7,001152e+002
2,715098e+003;5,255703e+002
2,716063e+003;4,130420e+002
2,717027e+003;3,123438e+002
2,717991e+003;2,114893e+002
2,718956e+003;1,140488e+002
2,719920e+003;5,228516e+001
2,720885e+003;-9,572266e+000
2,721849e+003;-7,133496e+001
2,722814e+003;-1,237979e+002
2,723778e+003;-1,571445e+002
2,724743e+003;-1,904414e+002
2,725707e+003;-2,237871e+002
2,726672e+003;-2,494844e+002
2,727636e+003;-2,694355e+002
2,728601e+003;-2,894150e+002
2,729565e+003;-3,093936e+002
2,730530e+003;-3,366230e+002
2,731494e+003;-3,654766e+002
2,732458e+003;-3,943291e+002
2,733423e+003;-4,243486e+002
2,734387e+003;-4,712676e+002
2,735352e+003;-5,181855e+002
2,736316e+003;-5,650342e+002
2,737281e+003;-5,959180e+002
2,738245e+003;-6,002568e+002
2,739209e+003;-6,045859e+002
2,740174e+003;-6,089238e+002
2,741138e+003;-6,048496e+002
2,742103e+003;-5,944082e+002
2,743067e+003;-5,839658e+002
2,744032e+003;-5,735234e+002
2,744996e+003;-5,587354e+002
2,745961e+003;-5,430068e+002
2,746925e+003;-5,272773e+002
2,747890e+003;-5,108086e+002
2,748854e+003;-4,852686e+002
2,749819e+003;-4,597646e+002
2,750783e+003;-4,342246e+002
2,751748e+003;-4,060400e+002
2,752712e+003;-3,724150e+002
2,753677e+003;-3,387891e+002
2,754641e+003;-3,051631e+002
2,755605e+003;-2,641826e+002
2,756570e+003;-2,181172e+002
2,757534e+003;-1,719824e+002
2,758499e+003;-1,259180e+002
2,759463e+003;-6,608984e+001
2,760427e+003;-3,781250e+000
2,761392e+003;5,843164e+001
2,762356e+003;1,230293e+002
2,763321e+003;2,063906e+002
2,764285e+003;2,897510e+002
2,765250e+003;3,729834e+002
2,766214e+003;4,425635e+002
2,767179e+003;4,895430e+002
2,768143e+003;5,365215e+002
2,769108e+003;5,835010e+002
2,770072e+003;6,029590e+002
2,771037e+003;6,071973e+002
2,772001e+003;6,114365e+002
2,772966e+003;6,156748e+002
2,773930e+003;6,519199e+002
2,774895e+003;6,913604e+002
2,775859e+003;7,308018e+002
2,776823e+003;7,798115e+002
2,777788e+003;8,730977e+002
2,778752e+003;9,663848e+002
2,779717e+003;1,059671e+003
2,780681e+003;1,167528e+003
2,781646e+003;1,293219e+003
2,782610e+003;1,418911e+003
2,783574e+003;1,544603e+003
2,784539e+003;1,697665e+003
2,785503e+003;1,861323e+003
2,786468e+003;2,025237e+003
2,787432e+003;2,188896e+003
2,788397e+003;2,493843e+003
2,789361e+003;2,800042e+003
2,790326e+003;3,106239e+003
2,791290e+003;3,481664e+003
2,792255e+003;4,047235e+003
2,793219e+003;4,613699e+003
2,794184e+003;5,179271e+003
2,795148e+003;5,710536e+003
2,796113e+003;6,213818e+003
2,797077e+003;6,717100e+003
2,798042e+003;7,221177e+003
2,799006e+003;7,050854e+003
2,799970e+003;6,739762e+003
2,800935e+003;6,428174e+003
2,801899e+003;6,120802e+003
2,802864e+003;5,848067e+003
2,803828e+003;5,574897e+003
2,804793e+003;5,301727e+003
2,805757e+003;5,185368e+003
2,806721e+003;5,315158e+003
2,807686e+003;5,444949e+003
2,808650e+003;5,574739e+003
2,809615e+003;5,833780e+003
2,810579e+003;6,155915e+003
2,811544e+003;6,478050e+003
2,812508e+003;6,800692e+003
2,813473e+003;7,256970e+003
2,814437e+003;7,720837e+003
2,815402e+003;8,183244e+003
2,816366e+003;8,718751e+003
2,817331e+003;9,478358e+003
2,818295e+003;1,023796e+004
2,819260e+003;1,099757e+004
2,820224e+003;1,192597e+004
2,821188e+003;1,300228e+004
2,822153e+003;1,407859e+004
2,823117e+003;1,515490e+004
2,824082e+003;1,646545e+004
2,825046e+003;1,782425e+004
2,826011e+003;1,918519e+004
2,826975e+003;2,059291e+004
2,827940e+003;2,238342e+004
2,828904e+003;2,417110e+004
2,829868e+003;2,596161e+004
2,830833e+003;2,818200e+004
2,831797e+003;3,102688e+004
2,832762e+003;3,387624e+004
2,833726e+003;3,672112e+004
2,834691e+003;4,142878e+004
2,835655e+003;4,691805e+004
2,836620e+003;5,241597e+004
2,837584e+003;5,791294e+004
2,838549e+003;7,071795e+004
2,839513e+003;8,350281e+004
2,840478e+003;9,630783e+004
2,841442e+003;1,145175e+005
2,842406e+003;1,452729e+005
2,843371e+003;1,760769e+005
2,844335e+003;2,068808e+005
2,845300e+003;2,444886e+005
2,846264e+003;2,866533e+005
2,847229e+003;3,288179e+005
2,848193e+003;3,710489e+005
2,849158e+003;3,906281e+005
2,850122e+003;4,077961e+005
2,851086e+003;4,249640e+005
2,852051e+003;4,332226e+005
2,853015e+003;4,072293e+005
2,853980e+003;3,812359e+005
2,854944e+003;3,552834e+005
2,855909e+003;3,232608e+005
2,856873e+003;2,854468e+005
2,857838e+003;2,476328e+005
2,858802e+003;2,098188e+005
2,859767e+003;1,863873e+005
2,860731e+003;1,661251e+005
2,861696e+003;1,458947e+005
2,862660e+003;1,274414e+005
2,863625e+003;1,213147e+005
2,864589e+003;1,151976e+005
2,865553e+003;1,090709e+005
2,866518e+003;1,050908e+005
2,867482e+003;1,038837e+005
2,868447e+003;1,026729e+005
2,869411e+003;1,014639e+005
2,870376e+003;9,957818e+004
2,871340e+003;9,746463e+004
2,872305e+003;9,535109e+004
2,873269e+003;9,325984e+004
2,874233e+003;9,154609e+004
2,875198e+003;8,983235e+004
2,876162e+003;8,811591e+004
2,877127e+003;8,779672e+004
2,878091e+003;8,978905e+004
2,879056e+003;9,178139e+004
2,880020e+003;9,377373e+004
2,880985e+003;9,771704e+004
2,881949e+003;1,025321e+005
2,882914e+003;1,073471e+005
2,883878e+003;1,121307e+005
2,884843e+003;1,141338e+005
2,885807e+003;1,161337e+005
2,886771e+003;1,181337e+005
2,887736e+003;1,196327e+005
2,888700e+003;1,201160e+005
2,889665e+003;1,206009e+005
2,890629e+003;1,210842e+005
2,891594e+003;1,217046e+005
2,892558e+003;1,223975e+005
2,893523e+003;1,230903e+005
2,894487e+003;1,237820e+005
2,895452e+003;1,232895e+005
2,896416e+003;1,227692e+005
2,897380e+003;1,222489e+005
2,898345e+003;1,216067e+005
2,899309e+003;1,206819e+005
2,900274e+003;1,197557e+005
2,901238e+003;1,188310e+005
2,902203e+003;1,190557e+005
2,903167e+003;1,199610e+005
2,904132e+003;1,208676e+005
2,905096e+003;1,217742e+005
2,906061e+003;1,258020e+005
2,907025e+003;1,299803e+005
2,907990e+003;1,341521e+005
2,908954e+003;1,398210e+005
2,909918e+003;1,492098e+005
2,910883e+003;1,585986e+005
2,911847e+003;1,680020e+005
2,912812e+003;1,829041e+005
2,913776e+003;2,012407e+005
2,914741e+003;2,195486e+005
2,915705e+003;2,378851e+005
2,916670e+003;2,597359e+005
2,917634e+003;2,818084e+005
2,918599e+003;3,038808e+005
2,919563e+003;3,218558e+005
2,920527e+003;3,295841e+005
2,921492e+003;3,373123e+005
2,922456e+003;3,450406e+005
2,923421e+003;3,400983e+005
2,924385e+003;3,274458e+005
2,925350e+003;3,147735e+005
2,926314e+003;3,021012e+005
2,927279e+003;2,939327e+005
2,928243e+003;2,859568e+005
2,929208e+003;2,779683e+005
2,930172e+003;2,774793e+005
2,931136e+003;2,944538e+005
2,932101e+003;3,114283e+005
2,933065e+003;3,284028e+005
2,934030e+003;3,431207e+005
2,934994e+003;3,565849e+005
2,935959e+003;3,700492e+005
2,936923e+003;3,835344e+005
2,937888e+003;3,637373e+005
2,938852e+003;3,433761e+005
2,939817e+003;3,230465e+005
2,940781e+003;2,994767e+005
2,941746e+003;2,693106e+005
2,942710e+003;2,391444e+005
2,943674e+003;2,089783e+005
2,944639e+003;1,861248e+005
2,945603e+003;1,667846e+005
2,946568e+003;1,474443e+005
2,947532e+003;1,282858e+005
2,948497e+003;1,178922e+005
2,949461e+003;1,074986e+005
2,950426e+003;9,708884e+004
2,951390e+003;8,832575e+004
2,952354e+003;8,230470e+004
2,953319e+003;7,628366e+004
2,954283e+003;7,027196e+004
2,955248e+003;6,573038e+004
2,956212e+003;6,175669e+004
2,957177e+003;5,778299e+004
2,958141e+003;5,388559e+004
2,959106e+003;5,092368e+004
2,960070e+003;4,795718e+004
2,961035e+003;4,499527e+004
2,961999e+003;4,234558e+004
2,962964e+003;4,010716e+004
2,963928e+003;3,786875e+004
2,964893e+003;3,563034e+004
2,965857e+003;3,380680e+004
2,966821e+003;3,209821e+004
2,967786e+003;3,038696e+004
2,968750e+003;2,873682e+004
2,969715e+003;2,745141e+004
2,970679e+003;2,616600e+004
2,971644e+003;2,487860e+004
2,972608e+003;2,374729e+004
2,973573e+003;2,276810e+004
2,974537e+003;2,178738e+004
2,975501e+003;2,080819e+004
2,976466e+003;2,001221e+004
2,977430e+003;1,924667e+004
2,978395e+003;1,847995e+004
2,979359e+003;1,774698e+004
2,980324e+003;1,712981e+004
2,981288e+003;1,651169e+004
2,982253e+003;1,589453e+004
2,983217e+003;1,533058e+004
2,984182e+003;1,480338e+004
2,985146e+003;1,427617e+004
2,986111e+003;1,374815e+004
2,987075e+003;1,332297e+004
2,988040e+003;1,290180e+004
2,989004e+003;1,248129e+004
2,989968e+003;1,209493e+004
2,990933e+003;1,178176e+004
2,991897e+003;1,146908e+004
2,992862e+003;1,115592e+004
2,993826e+003;1,083411e+004
2,994791e+003;1,050826e+004
2,995755e+003;1,018191e+004
2,996719e+003;9,856779e+003
2,997684e+003;9,541387e+003
2,998648e+003;9,225501e+003
2,999613e+003;8,909617e+003
3,000577e+003;8,622895e+003
3,001542e+003;8,373194e+003
3,002506e+003;8,123495e+003
3,003471e+003;7,873793e+003
3,004435e+003;7,655826e+003
3,005400e+003;7,444960e+003
3,006364e+003;7,234094e+003
3,007329e+003;7,021939e+003
3,008293e+003;6,803236e+003
3,009258e+003;6,584874e+003
3,010222e+003;6,366512e+003
3,011186e+003;6,151353e+003
3,012151e+003;5,939221e+003
3,013115e+003;5,726759e+003
3,014080e+003;5,514627e+003
3,015044e+003;5,302725e+003
3,016009e+003;5,090795e+003
3,016973e+003;4,878864e+003
3,017938e+003;4,670629e+003
3,018902e+003;4,470208e+003
3,019866e+003;4,269475e+003
3,020831e+003;4,069055e+003
3,021795e+003;3,902341e+003
3,022760e+003;3,749909e+003
3,023724e+003;3,597714e+003
3,024689e+003;3,447851e+003
3,025653e+003;3,326668e+003
3,026618e+003;3,205298e+003
3,027582e+003;3,083926e+003
3,028547e+003;2,964688e+003
3,029511e+003;2,847997e+003
3,030476e+003;2,731124e+003
3,031440e+003;2,614070e+003
3,032405e+003;2,494623e+003
3,033369e+003;2,374688e+003
3,034333e+003;2,254754e+003
3,035298e+003;2,138288e+003
3,036262e+003;2,033456e+003
3,037227e+003;1,928297e+003
3,038191e+003;1,823466e+003
3,039156e+003;1,729915e+003
3,040120e+003;1,643051e+003
3,041084e+003;1,556186e+003
3,042049e+003;1,469657e+003
3,043013e+003;1,397389e+003
3,043978e+003;1,325120e+003
3,044942e+003;1,252854e+003
3,045907e+003;1,190486e+003
3,046871e+003;1,142068e+003
3,047836e+003;1,093727e+003
3,048800e+003;1,045385e+003
3,049765e+003;1,006233e+003
3,050729e+003;9,692871e+002
3,051694e+003;9,324004e+002
3,052658e+003;8,941533e+002
3,053623e+003;8,507197e+002
3,054587e+003;8,072158e+002
3,055552e+003;7,637813e+002
3,056516e+003;7,295068e+002
3,057480e+003;7,012480e+002
3,058445e+003;6,730361e+002
3,059409e+003;6,448223e+002
3,060374e+003;6,070410e+002
3,061338e+003;5,693096e+002
3,062302e+003;5,315166e+002
3,063267e+003;4,903379e+002
3,064231e+003;4,441416e+002
3,065196e+003;3,978740e+002
3,066160e+003;3,516045e+002
3,067125e+003;3,171904e+002
3,068089e+003;2,856836e+002
3,069054e+003;2,541250e+002
3,070018e+003;2,242285e+002
3,070983e+003;2,004736e+002
3,071947e+003;1,766426e+002
3,072912e+003;1,528896e+002
3,073876e+003;1,264346e+002
3,074841e+003;9,833203e+001
3,075805e+003;7,018359e+001
3,076770e+003;4,221289e+001
3,077734e+003;2,263574e+001
3,078698e+003;3,059570e+000
3,079663e+003;-1,651758e+001
3,080627e+003;-3,498145e+001
3,081592e+003;-5,197070e+001
3,082556e+003;-6,898828e+001
3,083521e+003;-8,597754e+001
3,084485e+003;-7,884961e+001
3,085449e+003;-6,703711e+001
3,086414e+003;-5,522559e+001
3,087378e+003;-4,495898e+001
3,088343e+003;-3,928613e+001
3,089307e+003;-3,361523e+001
3,090272e+003;-2,794336e+001
3,091236e+003;-4,523047e+001
3,092201e+003;-7,422070e+001
3,093165e+003;-1,032588e+002
3,094130e+003;-1,307500e+002
3,095094e+003;-1,402930e+002
3,096059e+003;-1,498369e+002
3,097023e+003;-1,593975e+002
3,097988e+003;-1,732188e+002
3,098952e+003;-1,914492e+002
3,099917e+003;-2,096816e+002
3,100881e+003;-2,279141e+002
3,101845e+003;-2,429033e+002
3,102810e+003;-2,575908e+002
3,103774e+003;-2,722773e+002
3,104739e+003;-2,821201e+002
3,105703e+003;-2,822275e+002
3,106668e+003;-2,823359e+002
3,107632e+003;-2,824463e+002
3,108596e+003;-2,858633e+002
3,109561e+003;-2,903770e+002
3,110525e+003;-2,948887e+002
3,111490e+003;-2,995830e+002
3,112454e+003;-3,051328e+002
3,113419e+003;-3,106846e+002
3,114383e+003;-3,162344e+002
3,115348e+003;-3,070361e+002
3,116312e+003;-2,880459e+002
3,117277e+003;-2,690557e+002
3,118241e+003;-2,495225e+002
3,119206e+003;-2,090293e+002
3,120170e+003;-1,685967e+002
3,121135e+003;-1,281045e+002
3,122099e+003;-8,987109e+001
3,123063e+003;-5,421289e+001
3,124028e+003;-1,855469e+001
3,124992e+003;1,710352e+001
3,125957e+003;9,111816e+001
3,126921e+003;1,703584e+002
3,127886e+003;2,494814e+002
3,128850e+003;3,086201e+002
3,129815e+003;3,242285e+002
3,130779e+003;3,398604e+002
3,131743e+003;3,554697e+002
3,132708e+003;3,497217e+002
3,133672e+003;3,366816e+002
3,134637e+003;3,236406e+002
3,135601e+003;3,100127e+002
3,136566e+003;2,935342e+002
3,137530e+003;2,770557e+002
3,138495e+003;2,605771e+002
3,139459e+003;2,535078e+002
3,140424e+003;2,523408e+002
3,141388e+003;2,511670e+002
3,142353e+003;2,506895e+002
3,143317e+003;2,629473e+002
3,144281e+003;2,752217e+002
3,145246e+003;2,874795e+002
3,146210e+003;2,876172e+002
3,147175e+003;2,750859e+002
3,148139e+003;2,625537e+002
3,149104e+003;2,500225e+002
3,150068e+003;2,538535e+002
3,151033e+003;2,589121e+002
3,151997e+003;2,639717e+002
3,152962e+003;2,639844e+002
3,153926e+003;2,554863e+002
3,154890e+003;2,469863e+002
3,155855e+003;2,384727e+002
3,156819e+003;2,424824e+002
3,157784e+003;2,493398e+002
3,158748e+003;2,561973e+002
3,159713e+003;2,630488e+002
3,160677e+003;2,699229e+002
3,161642e+003;2,767949e+002
3,162606e+003;2,836689e+002
3,163571e+003;2,814209e+002
3,164535e+003;2,753545e+002
3,165500e+003;2,692637e+002
3,166464e+003;2,585430e+002
3,167428e+003;2,222568e+002
3,168393e+003;1,859131e+002
3,169357e+003;1,495703e+002
3,170322e+003;1,178584e+002
3,171286e+003;8,909277e+001
3,172251e+003;6,032520e+001
3,173215e+003;3,136719e+001
3,174180e+003;-1,099609e+000
3,175144e+003;-3,356738e+001
3,176109e+003;-6,603418e+001
3,177073e+003;-1,052734e+002
3,178037e+003;-1,512197e+002
3,179002e+003;-1,970947e+002
3,179966e+003;-2,429707e+002
3,180931e+003;-2,859883e+002
3,181895e+003;-3,289639e+002
3,182860e+003;-3,718037e+002
3,183824e+003;-4,163252e+002
3,184789e+003;-4,631387e+002
3,185753e+003;-5,099541e+002
3,186718e+003;-5,567686e+002
3,187682e+003;-5,659307e+002
3,188646e+003;-5,696318e+002
3,189611e+003;-5,733398e+002
3,190575e+003;-5,766943e+002
3,191540e+003;-5,793594e+002
3,192504e+003;-5,820195e+002
3,193469e+003;-5,846855e+002
3,194433e+003;-6,065381e+002
3,195398e+003;-6,333926e+002
3,196362e+003;-6,602891e+002
3,197327e+003;-6,795029e+002
3,198291e+003;-6,760273e+002
3,199256e+003;-6,725508e+002
3,200220e+003;-6,690732e+002
3,201184e+003;-6,721650e+002
3,202149e+003;-6,778350e+002
3,203113e+003;-6,835137e+002
3,204078e+003;-6,877041e+002
3,205042e+003;-6,852539e+002
3,206007e+003;-6,828057e+002
3,206971e+003;-6,803545e+002
3,207936e+003;-6,802148e+002
3,208900e+003;-6,813311e+002
3,209865e+003;-6,824453e+002
3,210829e+003;-6,850605e+002
3,211793e+003;-6,991670e+002
3,212758e+003;-7,132979e+002
3,213722e+003;-7,274053e+002
3,214687e+003;-7,286558e+002
3,215651e+003;-7,207729e+002
3,216616e+003;-7,128892e+002
3,217580e+003;-7,057583e+002
3,218545e+003;-7,112720e+002
3,219509e+003;-7,167969e+002
3,220474e+003;-7,223115e+002
3,221438e+003;-7,251084e+002
3,222402e+003;-7,254985e+002
3,223367e+003;-7,258882e+002
3,224331e+003;-7,262979e+002
3,225296e+003;-7,340117e+002
3,226260e+003;-7,417104e+002
3,227225e+003;-7,494243e+002
3,228189e+003;-7,581367e+002
3,229154e+003;-7,679756e+002
3,230118e+003;-7,778135e+002
3,231083e+003;-7,876528e+002
3,232047e+003;-7,940957e+002
3,233011e+003;-8,003979e+002
3,233976e+003;-8,067129e+002
3,234940e+003;-8,134614e+002
3,235905e+003;-8,207979e+002
3,236869e+003;-8,281475e+002
3,237834e+003;-8,354961e+002
3,238798e+003;-8,336875e+002
3,239763e+003;-8,310381e+002
3,240727e+003;-8,283911e+002
3,241692e+003;-8,230293e+002
3,242656e+003;-8,135391e+002
3,243621e+003;-8,040488e+002
3,244585e+003;-7,945571e+002
3,245549e+003;-7,933291e+002
3,246514e+003;-7,932246e+002
3,247478e+003;-7,931211e+002
3,248443e+003;-7,936064e+002
3,249407e+003;-7,951143e+002
3,250372e+003;-7,966255e+002
3,251336e+003;-7,981333e+002
3,252301e+003;-7,936367e+002
3,253265e+003;-7,880757e+002
3,254229e+003;-7,825273e+002
3,255194e+003;-7,771948e+002
3,256158e+003;-7,722944e+002
3,257123e+003;-7,673926e+002
3,258087e+003;-7,624873e+002
3,259052e+003;-7,482388e+002
3,260016e+003;-7,320640e+002
3,260981e+003;-7,158687e+002
3,261945e+003;-7,101641e+002
3,262910e+003;-7,267642e+002
3,263874e+003;-7,433359e+002
3,264839e+003;-7,599360e+002
3,265803e+003;-7,394429e+002
3,266768e+003;-7,103472e+002
3,267732e+003;-6,812529e+002
3,268696e+003;-6,562412e+002
3,269661e+003;-6,404819e+002
3,270625e+003;-6,247212e+002
3,271590e+003;-6,089404e+002
3,272554e+003;-5,956426e+002
3,273519e+003;-5,829336e+002
3,274483e+003;-5,702256e+002
3,275448e+003;-5,577188e+002
3,276412e+003;-5,456914e+002
3,277376e+003;-5,336475e+002
3,278341e+003;-5,216045e+002
3,279305e+003;-5,162002e+002
3,280270e+003;-5,124844e+002
3,281234e+003;-5,087686e+002
3,282199e+003;-5,044170e+002
3,283163e+003;-4,985801e+002
3,284128e+003;-4,927412e+002
3,285092e+003;-4,868975e+002
3,286057e+003;-4,721191e+002
3,287021e+003;-4,550605e+002
3,287986e+003;-4,380029e+002
3,288950e+003;-4,264102e+002
3,289915e+003;-4,274482e+002
3,290879e+003;-4,284941e+002
3,291843e+003;-4,295361e+002
3,292808e+003;-4,213955e+002
3,293772e+003;-4,110645e+002
3,294737e+003;-4,007354e+002
3,295701e+003;-3,899531e+002
3,296666e+003;-3,782178e+002
3,297630e+003;-3,664668e+002
3,298594e+003;-3,547314e+002
3,299559e+003;-3,445674e+002
3,300523e+003;-3,347461e+002
3,301488e+003;-3,249258e+002
3,302452e+003;-3,194414e+002
3,303417e+003;-3,227715e+002
3,304381e+003;-3,261016e+002
3,305346e+003;-3,294307e+002
3,306310e+003;-3,264219e+002
3,307275e+003;-3,221992e+002
3,308239e+003;-3,179824e+002
3,309204e+003;-3,139180e+002
3,310168e+003;-3,101387e+002
3,311133e+003;-3,063633e+002
3,312097e+003;-3,025840e+002
3,313062e+003;-3,211689e+002
3,314026e+003;-3,432070e+002
3,314990e+003;-3,652461e+002
3,315955e+003;-3,805342e+002
3,316919e+003;-3,848818e+002
3,317884e+003;-3,892217e+002
3,318848e+003;-3,935596e+002
3,319813e+003;-3,977373e+002
3,320777e+003;-4,018965e+002
3,321741e+003;-4,060479e+002
3,322706e+003;-4,120020e+002
3,323670e+003;-4,204785e+002
3,324635e+003;-4,289707e+002
3,325599e+003;-4,374473e+002
3,326564e+003;-4,414814e+002
3,327528e+003;-4,452207e+002
3,328493e+003;-4,489609e+002
3,329457e+003;-4,464932e+002
3,330422e+003;-4,366934e+002
3,331386e+003;-4,268945e+002
3,332351e+003;-4,170820e+002
3,333315e+003;-4,219990e+002
3,334280e+003;-4,272051e+002
3,335244e+003;-4,324023e+002
3,336208e+003;-4,311865e+002
3,337173e+003;-4,236592e+002
3,338137e+003;-4,161309e+002
3,339102e+003;-4,088975e+002
3,340066e+003;-4,111758e+002
3,341031e+003;-4,134541e+002
3,341995e+003;-4,157383e+002
3,342959e+003;-4,175898e+002
3,343924e+003;-4,191113e+002
3,344888e+003;-4,206318e+002
3,345853e+003;-4,228848e+002
3,346817e+003;-4,328379e+002
3,347782e+003;-4,427900e+002
3,348746e+003;-4,527432e+002
3,349711e+003;-4,571455e+002
3,350675e+003;-4,581104e+002
3,351640e+003;-4,590781e+002
3,352604e+003;-4,619199e+002
3,353569e+003;-4,754922e+002
3,354533e+003;-4,890859e+002
3,355498e+003;-5,026807e+002
3,356462e+003;-5,064004e+002
3,357427e+003;-5,055376e+002
3,358391e+003;-5,046738e+002
3,359355e+003;-5,022910e+002
3,360320e+003;-4,944087e+002
3,361284e+003;-4,865161e+002
3,362249e+003;-4,786338e+002
3,363213e+003;-4,814463e+002
3,364178e+003;-4,877427e+002
3,365142e+003;-4,940381e+002
3,366106e+003;-4,961597e+002
3,367071e+003;-4,881045e+002
3,368035e+003;-4,800576e+002
3,369000e+003;-4,720024e+002
3,369964e+003;-4,619385e+002
3,370929e+003;-4,514639e+002
3,371893e+003;-4,409883e+002
3,372858e+003;-4,362100e+002
3,373822e+003;-4,410889e+002
3,374787e+003;-4,459766e+002
3,375751e+003;-4,508560e+002
3,376716e+003;-4,616909e+002
3,377680e+003;-4,730952e+002
3,378645e+003;-4,845000e+002
3,379609e+003;-4,993774e+002
3,380573e+003;-5,183354e+002
3,381538e+003;-5,373228e+002
3,382502e+003;-5,562734e+002
3,383467e+003;-5,632373e+002
3,384431e+003;-5,702124e+002
3,385396e+003;-5,771763e+002
3,386360e+003;-5,794312e+002
3,387325e+003;-5,778354e+002
3,388289e+003;-5,762383e+002
3,389253e+003;-5,753989e+002
3,390218e+003;-5,815010e+002
3,391182e+003;-5,876138e+002
3,392147e+003;-5,937275e+002
3,393111e+003;-5,883115e+002
3,394076e+003;-5,766177e+002
3,395040e+003;-5,649243e+002
3,396005e+003;-5,583467e+002
3,396969e+003;-5,724878e+002
3,397934e+003;-5,866738e+002
3,398898e+003;-6,008145e+002
3,399863e+003;-5,975166e+002
3,400827e+003;-5,884761e+002
3,401792e+003;-5,794238e+002
3,402756e+003;-5,716138e+002
3,403720e+003;-5,666138e+002
3,404685e+003;-5,616123e+002
3,405649e+003;-5,566123e+002
3,406614e+003;-5,509375e+002
3,407578e+003;-5,451543e+002
3,408543e+003;-5,393701e+002
3,409507e+003;-5,247715e+002
3,410472e+003;-4,979658e+002
3,411436e+003;-4,711226e+002
3,412400e+003;-4,443169e+002
3,413365e+003;-4,351118e+002
3,414329e+003;-4,263188e+002
3,415294e+003;-4,175352e+002
3,416258e+003;-4,090181e+002
3,417223e+003;-4,007251e+002
3,418187e+003;-3,924316e+002
3,419152e+003;-3,871816e+002
3,420116e+003;-4,095166e+002
3,421081e+003;-4,318877e+002
3,422045e+003;-4,542227e+002
3,423010e+003;-4,547729e+002
3,423974e+003;-4,441919e+002
3,424938e+003;-4,336250e+002
3,425903e+003;-4,249829e+002
3,426867e+003;-4,229512e+002
3,427832e+003;-4,209209e+002
3,428796e+003;-4,188896e+002
3,429761e+003;-4,189336e+002
3,430725e+003;-4,195278e+002
3,431690e+003;-4,201167e+002
3,432654e+003;-4,197993e+002
3,433618e+003;-4,178765e+002
3,434583e+003;-4,159556e+002
3,435547e+003;-4,140327e+002
3,436512e+003;-4,140679e+002
3,437476e+003;-4,142500e+002
3,438441e+003;-4,144326e+002
3,439405e+003;-4,123613e+002
3,440370e+003;-4,080396e+002
3,441334e+003;-4,037192e+002
3,442299e+003;-4,001133e+002
3,443263e+003;-4,058369e+002
3,444228e+003;-4,115488e+002
3,445192e+003;-4,172725e+002
3,446156e+003;-4,244922e+002
3,447121e+003;-4,325576e+002
3,448085e+003;-4,406377e+002
3,449050e+003;-4,440498e+002
3,450014e+003;-4,311021e+002
3,450979e+003;-4,181533e+002
3,451943e+003;-4,052056e+002
3,452908e+003;-4,128804e+002
3,453872e+003;-4,258213e+002
3,454837e+003;-4,387417e+002
3,455801e+003;-4,517095e+002
3,456765e+003;-4,647134e+002
3,457730e+003;-4,777388e+002
3,458694e+003;-4,907632e+002
3,459659e+003;-5,130479e+002
3,460623e+003;-5,358135e+002
3,461588e+003;-5,585801e+002
3,462552e+003;-5,765103e+002
3,463517e+003;-5,902554e+002
3,464481e+003;-6,039780e+002
3,465446e+003;-6,157061e+002
3,466410e+003;-6,123052e+002
3,467375e+003;-6,089028e+002
3,468339e+003;-6,055015e+002
3,469303e+003;-6,240117e+002
3,470268e+003;-6,517891e+002
3,471232e+003;-6,796104e+002
3,472197e+003;-6,971074e+002
3,473161e+003;-6,888696e+002
3,474126e+003;-6,806313e+002
3,475090e+003;-6,723838e+002
3,476055e+003;-6,842715e+002
3,477019e+003;-6,990762e+002
3,477984e+003;-7,139058e+002
3,478948e+003;-7,200635e+002
3,479912e+003;-7,160972e+002
3,480877e+003;-7,121294e+002
3,481841e+003;-7,084019e+002
3,482806e+003;-7,091445e+002
3,483770e+003;-7,098896e+002
3,484735e+003;-7,106323e+002
3,485699e+003;-7,100635e+002
3,486664e+003;-7,087676e+002
3,487628e+003;-7,074712e+002
3,488593e+003;-7,076772e+002
3,489557e+003;-7,127744e+002
3,490521e+003;-7,178804e+002
3,491486e+003;-7,229878e+002
3,492450e+003;-7,241396e+002
3,493415e+003;-7,244805e+002
3,494379e+003;-7,248208e+002
3,495344e+003;-7,290386e+002
3,496308e+003;-7,385635e+002
3,497273e+003;-7,480713e+002
3,498237e+003;-7,575156e+002
3,499202e+003;-7,639619e+002
3,500166e+003;-7,704321e+002
